#Frame,LYS:136_GLU:238,LYS:136_PRO:240,GLN:182_PRO:240,PHE:162_ILE:242,TRP:205_ILE:242,GLY:206_ILE:242,GLN:182_CYX:243,SER:204_CYX:243,TRP:205_CYX:243,ASP:179_ARG:244,ALA:180_ARG:244,CYX:181_ARG:244,GLN:182_ARG:244,GLY:183_ARG:244,SER:185_ARG:244,VAL:203_ARG:244,SER:204_ARG:244,TRP:205_ARG:244,GLY:208_ARG:244,CYX:209_ARG:244,GLY:216_ARG:244,GLN:182_GLY:245,SER:185_GLY:245,PHE:26_TYR:246,ARG:132_TYR:246,GLN:139_TYR:246,GLN:182_TYR:246,GLY:183_TYR:246,PHE:26_ILE:247,CYX:43_ILE:247,GLN:46_ILE:247,GLN:46_ARG:249,GLU:22_ARG:261,GLU:24_LYS:263,ARG:132_LYS:263,GLN:182_GLY:265,HIE:42_GLY:266,HIE:42_CYX:267,LYS:82_CYX:267,TYR:85_CYX:267,TYR:85_LEU:268,PHE:162_LEU:268,GLN:46_GLU:275,LYS:136_GLU:237,ARG:132_PRO:240,GLN:182_GLY:241,GLU:207_ILE:242,GLY:206_ARG:244,CYX:27_GLY:245,GLY:183_GLY:245,GLU:83_LEU:268,TYR:85_ILE:242,HIE:42_CYX:243,TYR:85_CYX:243,GLU:207_ARG:244,HIE:42_GLY:245,GLY:25_TYR:246,GLN:46_TYR:264,HIE:42_GLY:265,TYR:45_GLY:266,GLN:46_GLY:266,TYR:45_CYX:267,LYS:82_LEU:268,LYS:48_GLU:275,ASP:184_ARG:244,ASN:20_THR:248,GLU:24_ARG:261,LYS:136_PHE:262,ARG:138_TYR:246,GLU:83_TYR:264,GLU:83_CYX:267,ALA:210_ARG:244,LYS:48_THR:276,TYR:45_ARG:249,TYR:45_GLU:275,GLN:46_THR:276,PHE:26_GLY:245,CYX:43_GLY:245,HIE:42_ILE:247,LYS:82_GLY:266,ALA:47_ILE:247
1,6.0,7.0,5.0,6.0,10,10,8.0,6.0,10,10,10,9.0,10,10,10,7.0,10,10,10,10,9.0,8.0,9.0,10,10,9.0,10,10,10,8.0,7.0,7.0,8.0,9.0,2.0,8.0,7.0,7.0,2.0,4.0,8.0,7.0,3.0,2.0,6.0,5.0,6.0,7.0,2.0,7.0,4.0,4.0,6.0,2.0,2.0,4.0,4.0,5.0,4.0,1.0,6.0,1.0,2.0,5.0,3.0,5.0,2.0,1.0,3.0,1.0,1.0,3.0,1.0,1.0,1.0,1.0,2.0,1.0,1.0,1.0,1.0
2,3.0,1.0,2.0,0.0,10,10,8.0,6.0,10,10,8,8.0,10,10,10,4.0,10,9,10,8,6.0,8.0,6.0,10,9,4.0,9,10,9,4.0,4.0,6.0,6.0,4.0,1.0,7.0,4.0,3.0,1.0,3.0,2.0,2.0,1.0,0.0,1.0,3.0,2.0,4.0,2.0,5.0,1.0,2.0,4.0,1.0,2.0,4.0,2.0,4.0,4.0,1.0,6.0,0.0,0.0,4.0,3.0,4.0,2.0,0.0,1.0,1.0,1.0,3.0,0.0,0.0,0.0,0.0,1.0,1.0,0.0,0.0,0.0
3,2.0,1.0,2.0,0.0,10,10,8.0,5.0,10,10,8,8.0,10,10,10,4.0,10,10,10,10,8.0,8.0,9.0,10,9,6.0,10,10,10,1.0,5.0,4.0,6.0,4.0,1.0,8.0,3.0,2.0,1.0,2.0,0.0,1.0,1.0,0.0,2.0,0.0,2.0,5.0,0.0,5.0,1.0,3.0,4.0,2.0,1.0,4.0,3.0,3.0,2.0,1.0,6.0,0.0,0.0,2.0,3.0,1.0,2.0,0.0,0.0,1.0,1.0,3.0,1.0,0.0,0.0,0.0,0.0,1.0,1.0,1.0,0.0
4,2.0,2.0,4.0,0.0,10,10,8.0,3.0,10,10,8,7.0,10,10,10,4.0,10,10,10,9,8.0,8.0,5.0,10,10,5.0,9,10,10,1.0,2.0,5.0,6.0,5.0,1.0,6.0,5.0,3.0,1.0,2.0,2.0,0.0,1.0,0.0,2.0,2.0,1.0,4.0,1.0,5.0,1.0,1.0,4.0,1.0,0.0,4.0,4.0,3.0,2.0,1.0,3.0,1.0,1.0,2.0,1.0,3.0,0.0,0.0,0.0,1.0,1.0,1.0,1.0,0.0,0.0,0.0,1.0,1.0,0.0,0.0,0.0
5,0.0,1.0,2.0,0.0,10,10,7.0,4.0,10,10,7,8.0,10,10,10,4.0,10,10,10,9,8.0,8.0,6.0,10,4,4.0,10,10,9,1.0,4.0,5.0,6.0,5.0,0.0,6.0,4.0,1.0,0.0,2.0,0.0,1.0,1.0,0.0,1.0,2.0,2.0,6.0,1.0,6.0,0.0,1.0,2.0,1.0,1.0,4.0,4.0,2.0,3.0,0.0,5.0,0.0,0.0,1.0,1.0,1.0,1.0,0.0,1.0,1.0,1.0,1.0,0.0,0.0,0.0,0.0,1.0,0.0,0.0,0.0,0.0
6,2.0,3.0,3.0,0.0,10,10,8.0,4.0,10,10,10,8.0,10,10,10,6.0,10,9,10,9,8.0,8.0,7.0,10,5,2.0,10,9,9,3.0,3.0,4.0,6.0,3.0,0.0,6.0,5.0,2.0,0.0,0.0,1.0,1.0,0.0,0.0,1.0,2.0,2.0,4.0,0.0,6.0,1.0,0.0,3.0,1.0,1.0,4.0,2.0,2.0,3.0,0.0,3.0,0.0,1.0,2.0,2.0,3.0,1.0,0.0,1.0,0.0,0.0,3.0,0.0,0.0,0.0,0.0,2.0,1.0,0.0,0.0,0.0
7,2.0,0.0,3.0,0.0,10,10,6.0,5.0,10,10,9,7.0,10,10,10,4.0,10,10,10,10,8.0,8.0,6.0,10,8,4.0,9,10,10,1.0,4.0,6.0,3.0,5.0,0.0,7.0,3.0,0.0,0.0,1.0,2.0,1.0,0.0,1.0,4.0,3.0,2.0,3.0,2.0,5.0,0.0,1.0,4.0,1.0,1.0,4.0,4.0,2.0,3.0,0.0,5.0,0.0,1.0,2.0,2.0,1.0,1.0,0.0,1.0,0.0,0.0,2.0,0.0,0.0,0.0,0.0,1.0,0.0,0.0,0.0,0.0
8,2.0,0.0,2.0,1.0,10,10,7.0,4.0,10,10,7,7.0,10,10,10,3.0,10,9,10,9,8.0,8.0,5.0,10,8,2.0,9,10,10,2.0,3.0,5.0,3.0,5.0,0.0,7.0,4.0,2.0,0.0,1.0,0.0,0.0,1.0,0.0,3.0,2.0,2.0,5.0,2.0,7.0,1.0,2.0,4.0,1.0,1.0,4.0,3.0,4.0,3.0,0.0,6.0,0.0,0.0,2.0,1.0,2.0,1.0,0.0,1.0,1.0,1.0,2.0,0.0,0.0,0.0,0.0,2.0,0.0,0.0,0.0,0.0
9,0.0,1.0,2.0,1.0,10,10,6.0,5.0,10,10,8,8.0,10,10,10,2.0,9,10,10,10,9.0,8.0,6.0,10,7,3.0,10,10,10,1.0,4.0,4.0,5.0,7.0,1.0,6.0,5.0,2.0,0.0,1.0,0.0,1.0,0.0,0.0,2.0,2.0,1.0,4.0,0.0,5.0,2.0,1.0,4.0,1.0,1.0,4.0,3.0,2.0,4.0,0.0,5.0,0.0,0.0,1.0,1.0,0.0,1.0,0.0,0.0,1.0,0.0,2.0,0.0,0.0,0.0,0.0,1.0,1.0,0.0,0.0,0.0
10,1.0,2.0,3.0,1.0,10,10,7.0,3.0,10,10,8,8.0,10,10,10,3.0,10,10,10,9,7.0,7.0,4.0,10,6,3.0,10,10,10,2.0,4.0,4.0,4.0,5.0,1.0,7.0,5.0,3.0,0.0,1.0,1.0,1.0,1.0,0.0,2.0,1.0,1.0,6.0,0.0,7.0,2.0,1.0,3.0,1.0,1.0,4.0,3.0,1.0,3.0,0.0,4.0,0.0,0.0,1.0,2.0,2.0,1.0,0.0,1.0,1.0,0.0,1.0,0.0,0.0,0.0,0.0,1.0,1.0,0.0,0.0,0.0
11,0.0,1.0,4.0,0.0,10,10,7.0,2.0,10,10,7,6.0,10,10,10,2.0,8,10,10,9,6.0,7.0,5.0,10,8,4.0,9,10,10,1.0,3.0,5.0,6.0,5.0,2.0,6.0,4.0,2.0,0.0,1.0,2.0,1.0,1.0,0.0,1.0,2.0,1.0,4.0,1.0,6.0,1.0,1.0,3.0,1.0,1.0,4.0,4.0,4.0,3.0,1.0,5.0,0.0,0.0,2.0,2.0,4.0,1.0,0.0,1.0,1.0,1.0,1.0,0.0,0.0,0.0,0.0,2.0,0.0,0.0,0.0,0.0
12,0.0,1.0,2.0,0.0,10,10,6.0,2.0,10,10,9,8.0,10,10,10,1.0,10,9,10,10,8.0,8.0,5.0,10,6,2.0,9,9,10,4.0,4.0,3.0,7.0,4.0,0.0,5.0,4.0,3.0,0.0,1.0,1.0,0.0,1.0,0.0,1.0,1.0,2.0,5.0,2.0,6.0,1.0,0.0,2.0,1.0,1.0,4.0,2.0,3.0,3.0,1.0,5.0,1.0,1.0,2.0,3.0,1.0,1.0,0.0,0.0,1.0,0.0,1.0,0.0,0.0,0.0,0.0,1.0,0.0,0.0,0.0,0.0
13,2.0,0.0,2.0,0.0,9,10,5.0,1.0,10,10,9,8.0,10,10,10,3.0,9,10,10,9,6.0,8.0,4.0,10,6,3.0,10,10,9,2.0,4.0,4.0,7.0,5.0,0.0,6.0,5.0,3.0,1.0,0.0,2.0,1.0,1.0,0.0,1.0,1.0,2.0,4.0,1.0,6.0,1.0,0.0,4.0,1.0,2.0,3.0,2.0,2.0,2.0,0.0,4.0,0.0,0.0,4.0,2.0,0.0,1.0,0.0,1.0,1.0,1.0,1.0,0.0,0.0,0.0,0.0,0.0,0.0,0.0,0.0,0.0
14,0.0,1.0,4.0,1.0,10,9,5.0,2.0,10,10,7,9.0,10,10,10,2.0,9,9,10,9,7.0,7.0,5.0,10,7,3.0,10,10,10,1.0,3.0,4.0,6.0,4.0,1.0,6.0,3.0,1.0,0.0,2.0,2.0,2.0,1.0,0.0,1.0,2.0,2.0,3.0,1.0,5.0,1.0,1.0,3.0,1.0,1.0,3.0,4.0,1.0,2.0,0.0,5.0,0.0,0.0,3.0,2.0,2.0,0.0,0.0,1.0,1.0,1.0,2.0,0.0,0.0,0.0,0.0,1.0,1.0,1.0,0.0,0.0
15,0.0,2.0,1.0,0.0,9,10,5.0,0.0,9,10,9,8.0,10,10,10,4.0,9,10,10,9,7.0,7.0,7.0,10,7,3.0,9,10,10,4.0,5.0,4.0,7.0,2.0,0.0,4.0,3.0,2.0,1.0,0.0,2.0,2.0,0.0,0.0,2.0,1.0,1.0,3.0,1.0,4.0,1.0,1.0,1.0,1.0,1.0,2.0,4.0,2.0,1.0,0.0,6.0,0.0,1.0,2.0,2.0,3.0,1.0,0.0,1.0,1.0,1.0,2.0,0.0,1.0,0.0,0.0,1.0,1.0,1.0,0.0,0.0
16,1.0,1.0,2.0,0.0,9,10,6.0,2.0,10,10,8,7.0,10,10,10,2.0,9,9,10,8,8.0,8.0,6.0,10,7,3.0,10,9,10,2.0,4.0,3.0,5.0,6.0,0.0,6.0,2.0,1.0,0.0,1.0,1.0,2.0,1.0,0.0,1.0,2.0,2.0,4.0,1.0,4.0,1.0,0.0,1.0,1.0,1.0,3.0,3.0,1.0,1.0,0.0,6.0,0.0,0.0,3.0,2.0,3.0,2.0,0.0,1.0,1.0,1.0,1.0,0.0,0.0,0.0,0.0,2.0,1.0,0.0,0.0,0.0
17,1.0,3.0,1.0,0.0,9,9,5.0,1.0,10,10,7,7.0,10,10,10,3.0,8,8,10,10,8.0,8.0,6.0,10,5,4.0,10,10,9,1.0,4.0,3.0,6.0,5.0,0.0,5.0,2.0,0.0,0.0,1.0,1.0,2.0,0.0,0.0,2.0,1.0,3.0,4.0,0.0,4.0,0.0,0.0,3.0,1.0,1.0,3.0,2.0,4.0,2.0,0.0,5.0,0.0,0.0,1.0,1.0,2.0,2.0,0.0,1.0,1.0,1.0,1.0,0.0,0.0,0.0,0.0,1.0,1.0,0.0,0.0,0.0
18,3.0,1.0,2.0,0.0,10,10,4.0,1.0,10,10,8,8.0,10,10,10,1.0,9,9,10,10,8.0,6.0,8.0,10,7,1.0,10,10,10,3.0,4.0,2.0,6.0,5.0,0.0,4.0,4.0,3.0,1.0,1.0,2.0,1.0,0.0,0.0,1.0,1.0,3.0,5.0,0.0,5.0,1.0,0.0,3.0,1.0,1.0,3.0,2.0,3.0,2.0,0.0,6.0,0.0,0.0,2.0,2.0,1.0,2.0,0.0,1.0,1.0,1.0,2.0,0.0,0.0,0.0,0.0,2.0,1.0,1.0,0.0,0.0
19,2.0,1.0,3.0,0.0,10,10,5.0,2.0,10,10,8,6.0,10,10,10,0.0,9,9,10,8,7.0,8.0,7.0,10,8,3.0,10,10,8,0.0,4.0,4.0,7.0,5.0,0.0,5.0,3.0,3.0,1.0,0.0,1.0,2.0,0.0,0.0,2.0,0.0,2.0,6.0,1.0,5.0,1.0,2.0,4.0,0.0,1.0,3.0,3.0,2.0,1.0,0.0,5.0,0.0,0.0,3.0,2.0,1.0,0.0,0.0,1.0,0.0,1.0,0.0,0.0,0.0,0.0,0.0,1.0,0.0,0.0,0.0,0.0
20,1.0,2.0,2.0,0.0,10,9,7.0,2.0,10,10,8,9.0,10,10,10,1.0,9,10,10,9,7.0,8.0,5.0,10,8,4.0,9,10,10,2.0,3.0,4.0,6.0,7.0,1.0,5.0,2.0,1.0,0.0,0.0,0.0,1.0,0.0,0.0,1.0,1.0,2.0,3.0,1.0,6.0,1.0,1.0,1.0,0.0,1.0,2.0,3.0,3.0,1.0,0.0,6.0,0.0,0.0,1.0,2.0,0.0,0.0,0.0,1.0,1.0,1.0,0.0,0.0,0.0,0.0,0.0,1.0,1.0,0.0,0.0,0.0
21,1.0,1.0,1.0,0.0,9,10,7.0,1.0,10,10,7,8.0,10,10,10,3.0,9,9,10,9,7.0,8.0,7.0,10,7,4.0,9,10,9,2.0,4.0,1.0,7.0,5.0,1.0,6.0,2.0,1.0,0.0,0.0,1.0,0.0,0.0,0.0,1.0,2.0,1.0,3.0,2.0,5.0,0.0,0.0,2.0,0.0,1.0,3.0,3.0,3.0,1.0,0.0,5.0,0.0,0.0,4.0,2.0,2.0,0.0,0.0,0.0,1.0,0.0,1.0,0.0,0.0,0.0,0.0,1.0,0.0,0.0,0.0,0.0
22,2.0,0.0,2.0,1.0,10,10,7.0,2.0,10,10,6,8.0,10,10,10,3.0,9,9,10,10,9.0,7.0,6.0,10,7,4.0,10,9,9,3.0,4.0,4.0,7.0,6.0,1.0,6.0,2.0,0.0,0.0,0.0,0.0,0.0,0.0,0.0,2.0,0.0,2.0,5.0,1.0,5.0,1.0,2.0,3.0,0.0,1.0,3.0,1.0,2.0,2.0,0.0,4.0,0.0,0.0,2.0,0.0,1.0,0.0,0.0,1.0,1.0,1.0,2.0,0.0,0.0,0.0,0.0,1.0,1.0,0.0,0.0,0.0
23,2.0,2.0,1.0,0.0,10,10,7.0,1.0,10,10,6,8.0,10,10,10,1.0,10,9,10,9,8.0,7.0,5.0,10,8,2.0,10,10,9,3.0,6.0,3.0,5.0,4.0,1.0,7.0,2.0,1.0,0.0,0.0,1.0,0.0,0.0,0.0,2.0,2.0,4.0,4.0,0.0,5.0,1.0,0.0,2.0,0.0,2.0,2.0,1.0,5.0,2.0,0.0,5.0,0.0,0.0,1.0,0.0,3.0,0.0,0.0,1.0,0.0,1.0,2.0,0.0,0.0,0.0,0.0,1.0,1.0,0.0,0.0,0.0
24,2.0,0.0,4.0,1.0,10,10,7.0,1.0,10,10,9,7.0,10,10,10,2.0,9,9,10,9,7.0,8.0,5.0,10,9,2.0,10,10,9,2.0,4.0,3.0,5.0,5.0,1.0,6.0,3.0,1.0,0.0,0.0,0.0,1.0,0.0,0.0,2.0,1.0,2.0,5.0,0.0,5.0,1.0,0.0,2.0,0.0,1.0,2.0,2.0,3.0,1.0,0.0,6.0,0.0,0.0,2.0,2.0,2.0,0.0,0.0,1.0,1.0,1.0,1.0,0.0,0.0,0.0,0.0,1.0,1.0,0.0,0.0,0.0
25,1.0,0.0,2.0,1.0,10,10,7.0,3.0,9,10,7,8.0,10,10,10,3.0,8,10,10,10,7.0,8.0,6.0,10,6,3.0,9,10,10,1.0,6.0,5.0,5.0,5.0,0.0,7.0,1.0,1.0,0.0,0.0,1.0,0.0,1.0,0.0,1.0,2.0,3.0,4.0,0.0,7.0,1.0,0.0,3.0,0.0,0.0,3.0,0.0,2.0,3.0,0.0,5.0,0.0,0.0,0.0,2.0,1.0,0.0,0.0,1.0,0.0,1.0,2.0,0.0,0.0,0.0,0.0,2.0,1.0,0.0,0.0,0.0
26,3.0,2.0,3.0,0.0,10,10,6.0,3.0,10,10,9,8.0,10,10,10,1.0,9,10,10,9,8.0,7.0,5.0,10,9,3.0,10,10,10,2.0,4.0,3.0,7.0,5.0,0.0,5.0,2.0,2.0,0.0,0.0,1.0,1.0,0.0,0.0,3.0,1.0,2.0,4.0,0.0,6.0,1.0,1.0,3.0,0.0,0.0,3.0,3.0,2.0,2.0,0.0,6.0,0.0,0.0,0.0,0.0,2.0,0.0,0.0,1.0,1.0,1.0,2.0,0.0,0.0,0.0,0.0,1.0,0.0,0.0,0.0,0.0
27,1.0,0.0,1.0,0.0,9,9,6.0,1.0,10,10,9,9.0,10,10,10,1.0,8,10,10,8,9.0,8.0,4.0,10,7,3.0,10,10,10,3.0,2.0,3.0,6.0,8.0,0.0,5.0,3.0,1.0,0.0,1.0,1.0,1.0,0.0,0.0,2.0,1.0,0.0,5.0,0.0,7.0,1.0,1.0,3.0,1.0,2.0,3.0,2.0,3.0,2.0,0.0,5.0,0.0,0.0,3.0,1.0,3.0,0.0,0.0,1.0,1.0,1.0,2.0,0.0,0.0,0.0,0.0,1.0,1.0,0.0,0.0,0.0
28,2.0,3.0,1.0,0.0,10,10,6.0,2.0,9,10,9,8.0,10,10,10,0.0,8,10,9,9,7.0,8.0,5.0,10,9,3.0,9,9,8,1.0,3.0,5.0,3.0,5.0,0.0,6.0,2.0,0.0,0.0,0.0,0.0,0.0,0.0,0.0,2.0,0.0,1.0,6.0,1.0,4.0,0.0,0.0,2.0,1.0,1.0,3.0,3.0,2.0,2.0,0.0,6.0,0.0,0.0,1.0,1.0,1.0,1.0,0.0,0.0,0.0,0.0,1.0,0.0,0.0,0.0,0.0,1.0,1.0,0.0,0.0,0.0
29,1.0,1.0,2.0,1.0,10,10,7.0,1.0,10,10,9,9.0,10,10,10,3.0,9,10,10,9,8.0,7.0,5.0,10,9,4.0,9,10,10,4.0,4.0,5.0,5.0,2.0,1.0,7.0,3.0,2.0,0.0,0.0,0.0,1.0,0.0,0.0,1.0,0.0,2.0,5.0,1.0,5.0,0.0,1.0,1.0,0.0,1.0,3.0,4.0,4.0,3.0,0.0,6.0,0.0,1.0,2.0,1.0,3.0,0.0,0.0,0.0,1.0,1.0,0.0,0.0,0.0,0.0,0.0,0.0,1.0,0.0,0.0,0.0
30,3.0,2.0,2.0,0.0,10,10,6.0,3.0,9,10,8,9.0,10,10,10,0.0,9,9,10,8,8.0,7.0,3.0,10,8,4.0,9,10,10,1.0,4.0,5.0,6.0,2.0,1.0,4.0,2.0,1.0,0.0,0.0,0.0,0.0,0.0,0.0,1.0,0.0,0.0,2.0,2.0,6.0,0.0,2.0,2.0,1.0,1.0,3.0,3.0,3.0,2.0,0.0,6.0,0.0,0.0,1.0,2.0,1.0,1.0,0.0,0.0,1.0,1.0,2.0,0.0,0.0,0.0,0.0,0.0,0.0,0.0,0.0,0.0
31,2.0,1.0,1.0,0.0,10,10,6.0,0.0,10,10,7,8.0,10,10,10,1.0,8,9,10,9,8.0,8.0,3.0,10,9,2.0,9,10,10,1.0,4.0,5.0,4.0,2.0,1.0,5.0,3.0,1.0,0.0,0.0,0.0,0.0,0.0,0.0,2.0,2.0,1.0,4.0,1.0,6.0,1.0,0.0,3.0,0.0,1.0,3.0,0.0,3.0,2.0,0.0,6.0,0.0,0.0,1.0,3.0,2.0,0.0,0.0,0.0,1.0,1.0,0.0,0.0,0.0,0.0,0.0,2.0,1.0,0.0,0.0,0.0
32,1.0,1.0,1.0,0.0,10,10,6.0,3.0,9,10,8,7.0,10,10,10,2.0,8,8,10,10,7.0,7.0,4.0,10,8,3.0,10,9,9,1.0,3.0,4.0,4.0,3.0,1.0,6.0,3.0,2.0,1.0,0.0,0.0,0.0,0.0,0.0,2.0,1.0,2.0,1.0,1.0,5.0,0.0,0.0,3.0,1.0,1.0,3.0,4.0,2.0,2.0,0.0,6.0,0.0,0.0,3.0,2.0,1.0,1.0,0.0,0.0,1.0,0.0,0.0,0.0,0.0,0.0,0.0,0.0,1.0,0.0,0.0,0.0
33,2.0,1.0,1.0,0.0,9,10,7.0,1.0,10,10,8,9.0,10,10,10,0.0,9,8,10,9,8.0,6.0,2.0,10,9,5.0,10,9,9,2.0,6.0,3.0,6.0,3.0,1.0,5.0,2.0,4.0,1.0,0.0,0.0,0.0,0.0,0.0,3.0,1.0,2.0,3.0,2.0,4.0,1.0,1.0,4.0,0.0,1.0,3.0,4.0,2.0,3.0,0.0,6.0,0.0,0.0,1.0,0.0,2.0,2.0,0.0,1.0,0.0,0.0,0.0,0.0,0.0,0.0,0.0,2.0,1.0,0.0,0.0,1.0
34,1.0,0.0,3.0,0.0,9,10,5.0,2.0,9,10,8,8.0,10,10,10,2.0,9,10,10,9,9.0,8.0,5.0,10,8,4.0,9,10,10,2.0,5.0,3.0,5.0,4.0,1.0,4.0,4.0,3.0,1.0,0.0,1.0,2.0,0.0,0.0,3.0,0.0,0.0,4.0,0.0,4.0,1.0,0.0,3.0,1.0,1.0,3.0,3.0,2.0,3.0,0.0,5.0,0.0,0.0,1.0,3.0,2.0,2.0,0.0,2.0,1.0,1.0,3.0,0.0,0.0,0.0,0.0,1.0,1.0,0.0,0.0,0.0
35,1.0,1.0,3.0,0.0,10,10,6.0,3.0,10,10,8,7.0,10,10,10,1.0,9,10,10,9,8.0,6.0,5.0,10,9,4.0,10,10,9,2.0,2.0,3.0,5.0,2.0,0.0,6.0,4.0,1.0,0.0,0.0,1.0,0.0,0.0,0.0,4.0,2.0,0.0,4.0,1.0,6.0,2.0,1.0,3.0,1.0,1.0,3.0,3.0,3.0,1.0,0.0,4.0,0.0,0.0,1.0,1.0,1.0,1.0,0.0,2.0,1.0,1.0,0.0,0.0,0.0,0.0,0.0,0.0,1.0,0.0,0.0,0.0
36,4.0,0.0,2.0,0.0,10,10,6.0,2.0,10,10,7,4.0,10,10,10,2.0,9,10,9,9,8.0,7.0,3.0,10,8,3.0,8,9,9,1.0,2.0,4.0,6.0,5.0,1.0,6.0,3.0,1.0,0.0,0.0,1.0,1.0,0.0,0.0,1.0,2.0,2.0,4.0,1.0,6.0,1.0,1.0,2.0,1.0,1.0,3.0,3.0,0.0,2.0,0.0,5.0,0.0,0.0,3.0,2.0,0.0,2.0,0.0,1.0,1.0,1.0,1.0,0.0,0.0,0.0,0.0,2.0,1.0,0.0,0.0,0.0
37,2.0,1.0,0.0,0.0,9,10,5.0,1.0,9,10,8,9.0,10,10,10,1.0,8,8,10,9,8.0,7.0,2.0,9,8,4.0,10,10,8,2.0,4.0,3.0,6.0,4.0,0.0,6.0,3.0,3.0,0.0,0.0,0.0,0.0,0.0,0.0,1.0,1.0,2.0,6.0,0.0,6.0,1.0,0.0,2.0,0.0,2.0,3.0,1.0,1.0,2.0,0.0,6.0,0.0,0.0,1.0,3.0,0.0,1.0,0.0,1.0,1.0,1.0,0.0,0.0,0.0,0.0,0.0,1.0,1.0,0.0,0.0,0.0
38,1.0,0.0,1.0,0.0,9,10,5.0,2.0,10,10,8,9.0,10,10,10,0.0,8,9,10,9,7.0,6.0,5.0,10,7,1.0,10,8,9,1.0,4.0,3.0,6.0,4.0,1.0,5.0,3.0,2.0,1.0,0.0,1.0,0.0,1.0,0.0,0.0,1.0,2.0,4.0,2.0,6.0,1.0,0.0,3.0,0.0,2.0,3.0,4.0,3.0,2.0,0.0,5.0,0.0,0.0,2.0,2.0,0.0,1.0,0.0,1.0,1.0,1.0,2.0,0.0,0.0,0.0,0.0,1.0,0.0,0.0,0.0,0.0
39,2.0,0.0,1.0,0.0,10,10,6.0,3.0,10,10,10,8.0,10,10,10,2.0,9,10,10,9,7.0,8.0,5.0,10,6,3.0,8,9,9,1.0,5.0,3.0,4.0,6.0,0.0,6.0,3.0,2.0,0.0,0.0,0.0,0.0,0.0,0.0,0.0,0.0,2.0,4.0,1.0,6.0,1.0,0.0,1.0,1.0,1.0,3.0,3.0,1.0,1.0,0.0,5.0,0.0,0.0,1.0,1.0,3.0,1.0,0.0,0.0,1.0,1.0,2.0,0.0,0.0,0.0,0.0,1.0,1.0,0.0,0.0,1.0
40,2.0,0.0,2.0,0.0,9,10,4.0,2.0,10,10,6,7.0,10,10,10,0.0,8,10,10,7,6.0,6.0,4.0,9,6,1.0,10,10,8,3.0,5.0,3.0,4.0,4.0,0.0,3.0,3.0,3.0,0.0,0.0,0.0,1.0,0.0,0.0,1.0,0.0,4.0,5.0,1.0,7.0,1.0,0.0,2.0,0.0,1.0,3.0,3.0,2.0,1.0,0.0,5.0,0.0,0.0,1.0,2.0,1.0,1.0,0.0,0.0,1.0,1.0,3.0,0.0,0.0,0.0,0.0,1.0,1.0,0.0,0.0,0.0
41,1.0,0.0,3.0,0.0,10,10,4.0,2.0,10,10,8,6.0,10,10,10,2.0,9,10,10,9,7.0,6.0,4.0,10,7,2.0,8,10,9,1.0,5.0,3.0,4.0,3.0,1.0,5.0,3.0,4.0,0.0,0.0,1.0,0.0,0.0,0.0,3.0,1.0,1.0,5.0,0.0,4.0,1.0,2.0,2.0,0.0,1.0,3.0,2.0,3.0,2.0,0.0,6.0,0.0,0.0,1.0,1.0,0.0,1.0,0.0,1.0,0.0,1.0,0.0,0.0,0.0,0.0,0.0,1.0,1.0,0.0,0.0,0.0
42,1.0,0.0,2.0,1.0,10,10,4.0,1.0,10,10,8,8.0,10,10,10,2.0,9,10,10,10,6.0,5.0,2.0,10,9,2.0,8,9,9,3.0,4.0,3.0,2.0,0.0,1.0,4.0,3.0,2.0,1.0,0.0,1.0,0.0,0.0,0.0,0.0,0.0,2.0,5.0,2.0,6.0,0.0,0.0,2.0,0.0,1.0,3.0,1.0,0.0,3.0,0.0,5.0,0.0,0.0,1.0,3.0,0.0,1.0,0.0,0.0,0.0,0.0,1.0,0.0,0.0,0.0,0.0,1.0,0.0,1.0,0.0,0.0
43,1.0,0.0,2.0,0.0,10,10,5.0,2.0,10,10,7,8.0,10,10,10,1.0,9,7,10,9,6.0,7.0,4.0,10,7,3.0,10,10,10,0.0,3.0,3.0,2.0,3.0,0.0,4.0,3.0,3.0,1.0,1.0,0.0,0.0,1.0,0.0,1.0,0.0,1.0,6.0,1.0,6.0,0.0,1.0,1.0,1.0,1.0,2.0,2.0,1.0,2.0,0.0,4.0,0.0,0.0,1.0,3.0,0.0,1.0,0.0,0.0,0.0,1.0,0.0,0.0,0.0,0.0,0.0,1.0,1.0,0.0,0.0,0.0
44,2.0,0.0,2.0,0.0,10,10,5.0,3.0,9,10,8,8.0,10,10,10,1.0,9,9,10,9,7.0,7.0,2.0,10,7,2.0,10,10,8,1.0,5.0,3.0,2.0,5.0,0.0,4.0,3.0,2.0,1.0,0.0,0.0,1.0,1.0,0.0,2.0,1.0,2.0,6.0,1.0,3.0,0.0,1.0,2.0,1.0,0.0,3.0,3.0,2.0,2.0,0.0,6.0,0.0,0.0,1.0,1.0,0.0,1.0,0.0,1.0,0.0,1.0,1.0,0.0,0.0,0.0,0.0,2.0,1.0,0.0,0.0,0.0
45,1.0,0.0,0.0,0.0,10,10,4.0,3.0,9,10,9,8.0,10,10,10,3.0,9,10,10,9,7.0,7.0,4.0,10,8,2.0,9,9,10,4.0,5.0,4.0,3.0,3.0,0.0,4.0,4.0,3.0,0.0,1.0,1.0,0.0,0.0,0.0,2.0,1.0,1.0,4.0,1.0,3.0,1.0,2.0,2.0,1.0,1.0,3.0,2.0,3.0,2.0,0.0,6.0,0.0,0.0,2.0,1.0,1.0,0.0,0.0,0.0,1.0,1.0,2.0,0.0,0.0,0.0,0.0,1.0,0.0,0.0,0.0,0.0
46,0.0,1.0,1.0,1.0,8,9,5.0,3.0,10,10,9,9.0,10,10,10,0.0,9,10,10,9,8.0,6.0,3.0,10,8,3.0,10,10,8,3.0,6.0,3.0,3.0,3.0,0.0,5.0,4.0,2.0,0.0,1.0,1.0,1.0,0.0,0.0,3.0,1.0,2.0,5.0,0.0,6.0,0.0,0.0,2.0,1.0,1.0,3.0,3.0,1.0,2.0,0.0,6.0,0.0,0.0,0.0,1.0,0.0,0.0,0.0,1.0,0.0,0.0,1.0,0.0,0.0,0.0,0.0,2.0,1.0,0.0,0.0,0.0
47,1.0,0.0,2.0,1.0,9,9,5.0,2.0,10,10,8,7.0,10,10,10,3.0,8,7,10,10,8.0,6.0,5.0,10,7,3.0,9,10,8,1.0,5.0,4.0,4.0,3.0,0.0,5.0,3.0,1.0,0.0,0.0,0.0,1.0,0.0,0.0,3.0,0.0,4.0,5.0,1.0,5.0,1.0,0.0,2.0,0.0,0.0,3.0,3.0,2.0,2.0,0.0,6.0,0.0,0.0,3.0,2.0,2.0,0.0,0.0,1.0,1.0,0.0,1.0,0.0,0.0,0.0,0.0,2.0,0.0,0.0,0.0,0.0
48,1.0,0.0,1.0,1.0,9,10,5.0,0.0,10,10,8,7.0,10,10,10,1.0,8,9,10,9,8.0,7.0,4.0,10,9,2.0,9,10,8,0.0,5.0,4.0,3.0,7.0,0.0,4.0,2.0,1.0,0.0,0.0,1.0,1.0,0.0,0.0,1.0,3.0,2.0,3.0,1.0,5.0,0.0,0.0,2.0,0.0,1.0,3.0,2.0,2.0,1.0,0.0,5.0,0.0,0.0,1.0,2.0,2.0,2.0,0.0,1.0,0.0,1.0,1.0,0.0,0.0,0.0,0.0,1.0,1.0,0.0,0.0,1.0
49,0.0,1.0,1.0,0.0,10,10,5.0,1.0,9,10,7,7.0,10,10,10,1.0,9,8,10,9,9.0,6.0,4.0,10,7,3.0,10,10,8,0.0,5.0,4.0,4.0,4.0,0.0,3.0,4.0,3.0,0.0,0.0,1.0,1.0,0.0,0.0,0.0,0.0,3.0,5.0,1.0,4.0,1.0,1.0,2.0,0.0,1.0,3.0,2.0,3.0,3.0,0.0,6.0,0.0,0.0,0.0,3.0,2.0,2.0,0.0,1.0,1.0,1.0,1.0,0.0,0.0,0.0,0.0,1.0,1.0,0.0,0.0,0.0
50,0.0,0.0,1.0,0.0,10,10,5.0,2.0,9,10,9,9.0,10,10,10,5.0,8,9,10,10,8.0,8.0,2.0,10,6,2.0,9,9,7,1.0,5.0,3.0,3.0,3.0,0.0,5.0,2.0,2.0,0.0,0.0,1.0,0.0,0.0,0.0,1.0,0.0,3.0,6.0,1.0,4.0,1.0,0.0,3.0,0.0,2.0,3.0,3.0,0.0,2.0,0.0,6.0,0.0,0.0,1.0,1.0,0.0,2.0,0.0,1.0,0.0,1.0,1.0,0.0,0.0,0.0,0.0,1.0,0.0,0.0,0.0,0.0
51,1.0,0.0,2.0,0.0,10,10,5.0,3.0,10,10,7,7.0,10,10,10,0.0,9,8,10,10,7.0,7.0,4.0,10,7,3.0,10,10,8,1.0,4.0,3.0,4.0,4.0,0.0,4.0,4.0,2.0,0.0,0.0,2.0,1.0,0.0,0.0,4.0,1.0,4.0,3.0,1.0,6.0,0.0,0.0,2.0,0.0,1.0,2.0,2.0,1.0,2.0,0.0,5.0,0.0,0.0,0.0,3.0,2.0,2.0,0.0,0.0,1.0,1.0,2.0,0.0,0.0,0.0,0.0,0.0,1.0,0.0,0.0,0.0
52,0.0,0.0,1.0,0.0,9,10,5.0,2.0,10,10,8,8.0,10,10,10,2.0,8,9,10,10,9.0,7.0,3.0,10,5,3.0,10,10,9,2.0,4.0,3.0,3.0,4.0,0.0,4.0,3.0,3.0,0.0,2.0,0.0,0.0,0.0,0.0,1.0,0.0,3.0,2.0,1.0,5.0,1.0,1.0,3.0,1.0,0.0,3.0,4.0,0.0,3.0,0.0,5.0,0.0,0.0,0.0,2.0,2.0,2.0,0.0,1.0,1.0,1.0,2.0,0.0,0.0,0.0,0.0,0.0,0.0,0.0,0.0,0.0
53,1.0,0.0,2.0,0.0,10,10,5.0,2.0,10,10,7,9.0,10,10,9,0.0,7,10,10,9,7.0,7.0,3.0,10,8,4.0,10,10,9,1.0,5.0,4.0,4.0,5.0,0.0,4.0,3.0,2.0,1.0,1.0,1.0,1.0,0.0,0.0,0.0,1.0,3.0,5.0,1.0,6.0,2.0,1.0,2.0,1.0,2.0,3.0,2.0,2.0,2.0,0.0,6.0,0.0,0.0,2.0,2.0,0.0,1.0,0.0,2.0,0.0,1.0,2.0,0.0,0.0,0.0,0.0,0.0,1.0,0.0,0.0,0.0
54,1.0,0.0,2.0,1.0,10,10,4.0,0.0,9,10,5,7.0,10,10,10,1.0,8,9,10,9,6.0,7.0,6.0,10,5,2.0,9,10,8,3.0,3.0,3.0,3.0,5.0,0.0,4.0,4.0,2.0,0.0,1.0,0.0,0.0,0.0,0.0,1.0,1.0,2.0,7.0,0.0,6.0,0.0,0.0,3.0,1.0,1.0,3.0,2.0,3.0,3.0,0.0,5.0,0.0,0.0,1.0,2.0,0.0,1.0,0.0,0.0,1.0,0.0,1.0,0.0,0.0,0.0,0.0,0.0,0.0,0.0,0.0,1.0
55,3.0,0.0,2.0,0.0,10,10,4.0,3.0,10,10,7,7.0,10,10,10,1.0,9,9,10,9,7.0,7.0,1.0,10,6,2.0,8,10,8,2.0,3.0,2.0,3.0,1.0,0.0,4.0,3.0,2.0,0.0,1.0,0.0,1.0,0.0,0.0,0.0,0.0,3.0,6.0,0.0,3.0,1.0,1.0,1.0,1.0,1.0,3.0,2.0,2.0,0.0,0.0,6.0,0.0,0.0,1.0,3.0,1.0,1.0,0.0,0.0,1.0,0.0,2.0,0.0,0.0,0.0,0.0,1.0,1.0,0.0,0.0,0.0
56,2.0,0.0,1.0,1.0,10,10,4.0,3.0,10,10,8,9.0,10,10,10,1.0,8,9,10,10,9.0,5.0,5.0,10,4,1.0,9,10,8,1.0,4.0,4.0,5.0,5.0,0.0,3.0,4.0,3.0,0.0,1.0,0.0,0.0,0.0,0.0,1.0,1.0,1.0,4.0,0.0,4.0,0.0,0.0,2.0,0.0,1.0,3.0,2.0,2.0,1.0,0.0,6.0,0.0,0.0,2.0,2.0,1.0,1.0,0.0,0.0,0.0,0.0,0.0,0.0,0.0,0.0,0.0,2.0,1.0,0.0,0.0,0.0
57,1.0,0.0,2.0,0.0,9,10,3.0,2.0,9,10,7,8.0,10,10,10,0.0,9,9,10,10,6.0,7.0,5.0,10,6,2.0,10,10,8,2.0,3.0,4.0,5.0,5.0,0.0,2.0,2.0,1.0,1.0,1.0,1.0,0.0,1.0,0.0,2.0,1.0,2.0,4.0,1.0,4.0,0.0,0.0,1.0,1.0,1.0,2.0,2.0,3.0,0.0,0.0,6.0,0.0,0.0,1.0,1.0,1.0,1.0,0.0,0.0,1.0,1.0,2.0,0.0,0.0,0.0,0.0,1.0,1.0,0.0,0.0,0.0
58,2.0,0.0,1.0,1.0,9,10,4.0,1.0,10,10,7,7.0,10,10,10,0.0,9,9,10,10,8.0,7.0,7.0,10,5,3.0,9,10,7,0.0,4.0,4.0,5.0,4.0,0.0,2.0,3.0,3.0,1.0,0.0,1.0,0.0,0.0,0.0,2.0,1.0,3.0,7.0,0.0,5.0,1.0,0.0,1.0,0.0,1.0,3.0,1.0,1.0,1.0,0.0,5.0,0.0,0.0,0.0,3.0,2.0,1.0,0.0,2.0,0.0,1.0,3.0,0.0,0.0,0.0,0.0,0.0,1.0,0.0,0.0,0.0
59,1.0,0.0,1.0,0.0,10,10,4.0,2.0,10,10,10,8.0,10,10,10,1.0,8,8,9,9,8.0,6.0,6.0,10,4,2.0,9,10,8,0.0,4.0,4.0,4.0,4.0,1.0,2.0,3.0,3.0,0.0,1.0,1.0,2.0,1.0,0.0,1.0,1.0,2.0,5.0,1.0,5.0,0.0,1.0,1.0,1.0,2.0,2.0,4.0,1.0,2.0,0.0,4.0,0.0,0.0,1.0,0.0,1.0,1.0,0.0,1.0,0.0,0.0,3.0,0.0,0.0,0.0,0.0,1.0,0.0,0.0,0.0,0.0
60,2.0,0.0,0.0,0.0,9,9,4.0,2.0,10,10,7,6.0,10,10,10,1.0,9,9,10,9,8.0,7.0,5.0,10,5,3.0,10,10,8,2.0,5.0,3.0,3.0,2.0,0.0,3.0,3.0,2.0,0.0,0.0,1.0,0.0,0.0,0.0,1.0,2.0,2.0,5.0,1.0,4.0,0.0,0.0,1.0,1.0,1.0,3.0,3.0,1.0,1.0,0.0,6.0,0.0,0.0,0.0,2.0,1.0,1.0,0.0,0.0,1.0,1.0,2.0,0.0,0.0,0.0,0.0,0.0,0.0,0.0,0.0,0.0
61,3.0,1.0,2.0,1.0,9,9,5.0,2.0,10,10,8,7.0,10,10,10,2.0,9,8,10,8,5.0,7.0,4.0,10,7,4.0,10,10,7,1.0,5.0,3.0,3.0,5.0,0.0,5.0,3.0,1.0,1.0,0.0,0.0,2.0,0.0,0.0,2.0,1.0,1.0,5.0,0.0,4.0,0.0,0.0,1.0,0.0,1.0,3.0,2.0,4.0,1.0,0.0,6.0,0.0,0.0,1.0,2.0,2.0,0.0,0.0,2.0,1.0,1.0,0.0,0.0,0.0,0.0,0.0,2.0,0.0,0.0,0.0,0.0
62,2.0,1.0,1.0,0.0,9,10,4.0,1.0,10,10,8,7.0,10,10,10,3.0,10,10,10,10,8.0,7.0,5.0,10,5,3.0,9,10,9,0.0,3.0,3.0,5.0,3.0,0.0,4.0,3.0,3.0,0.0,0.0,0.0,1.0,0.0,0.0,1.0,1.0,3.0,7.0,0.0,4.0,0.0,0.0,1.0,0.0,1.0,3.0,3.0,3.0,2.0,0.0,5.0,0.0,0.0,0.0,2.0,5.0,0.0,0.0,1.0,1.0,1.0,3.0,0.0,0.0,0.0,0.0,1.0,0.0,0.0,0.0,1.0
63,1.0,0.0,0.0,1.0,10,10,5.0,1.0,10,10,7,7.0,10,10,10,0.0,9,9,10,9,9.0,7.0,5.0,10,5,3.0,9,9,9,2.0,2.0,3.0,5.0,4.0,0.0,5.0,2.0,2.0,0.0,1.0,0.0,0.0,0.0,0.0,2.0,2.0,2.0,4.0,1.0,4.0,2.0,1.0,1.0,1.0,1.0,3.0,3.0,1.0,0.0,0.0,4.0,0.0,0.0,2.0,2.0,3.0,0.0,0.0,0.0,1.0,1.0,2.0,0.0,0.0,0.0,0.0,2.0,1.0,0.0,0.0,0.0
64,3.0,1.0,1.0,1.0,9,10,5.0,1.0,9,10,7,9.0,10,10,10,0.0,9,8,10,9,7.0,7.0,6.0,10,5,4.0,9,10,9,1.0,4.0,2.0,5.0,5.0,0.0,4.0,2.0,3.0,0.0,1.0,1.0,1.0,0.0,0.0,0.0,1.0,1.0,5.0,0.0,5.0,1.0,0.0,1.0,1.0,0.0,3.0,2.0,2.0,1.0,0.0,4.0,0.0,0.0,1.0,0.0,1.0,0.0,0.0,1.0,1.0,1.0,2.0,0.0,0.0,0.0,0.0,2.0,1.0,0.0,0.0,0.0
65,1.0,0.0,1.0,0.0,9,9,4.0,2.0,10,10,8,6.0,10,10,10,1.0,8,8,10,10,8.0,7.0,4.0,10,6,2.0,9,9,8,2.0,3.0,3.0,6.0,3.0,0.0,4.0,1.0,2.0,0.0,1.0,0.0,0.0,0.0,0.0,2.0,0.0,1.0,4.0,1.0,5.0,2.0,2.0,1.0,1.0,1.0,3.0,3.0,2.0,2.0,0.0,6.0,0.0,0.0,1.0,1.0,1.0,0.0,0.0,1.0,1.0,1.0,3.0,0.0,0.0,0.0,0.0,1.0,1.0,0.0,0.0,0.0
66,1.0,1.0,1.0,0.0,10,10,4.0,1.0,10,10,8,8.0,10,10,10,1.0,9,10,10,9,7.0,7.0,6.0,10,5,5.0,9,10,8,1.0,2.0,3.0,5.0,3.0,0.0,4.0,2.0,1.0,0.0,1.0,0.0,0.0,0.0,0.0,1.0,1.0,2.0,5.0,0.0,5.0,1.0,0.0,2.0,1.0,1.0,3.0,2.0,2.0,2.0,0.0,5.0,0.0,0.0,0.0,1.0,1.0,0.0,0.0,1.0,0.0,0.0,3.0,0.0,0.0,0.0,0.0,1.0,1.0,0.0,0.0,1.0
67,3.0,1.0,2.0,0.0,10,10,5.0,2.0,10,10,8,8.0,10,10,10,0.0,9,10,10,9,8.0,6.0,4.0,10,4,3.0,9,10,9,3.0,4.0,3.0,5.0,4.0,0.0,2.0,4.0,1.0,0.0,0.0,0.0,0.0,0.0,0.0,4.0,4.0,2.0,5.0,0.0,7.0,1.0,0.0,1.0,0.0,2.0,3.0,2.0,2.0,1.0,0.0,6.0,0.0,0.0,1.0,2.0,2.0,0.0,0.0,1.0,1.0,0.0,3.0,0.0,0.0,0.0,0.0,1.0,1.0,0.0,0.0,0.0
68,1.0,1.0,0.0,0.0,8,10,5.0,2.0,10,10,8,7.0,10,10,10,2.0,9,9,10,9,8.0,7.0,6.0,10,5,3.0,10,10,9,1.0,4.0,4.0,5.0,4.0,0.0,3.0,1.0,3.0,0.0,1.0,1.0,1.0,0.0,0.0,1.0,2.0,2.0,5.0,2.0,6.0,1.0,0.0,1.0,1.0,2.0,3.0,1.0,1.0,1.0,0.0,5.0,0.0,0.0,0.0,1.0,1.0,0.0,0.0,0.0,0.0,1.0,2.0,0.0,0.0,0.0,0.0,0.0,1.0,0.0,0.0,0.0
69,3.0,0.0,0.0,1.0,10,10,5.0,0.0,10,10,9,7.0,10,10,10,2.0,9,10,10,8,7.0,7.0,5.0,10,5,2.0,9,10,7,2.0,4.0,4.0,5.0,3.0,1.0,4.0,3.0,3.0,0.0,0.0,0.0,1.0,0.0,0.0,2.0,2.0,2.0,4.0,1.0,7.0,0.0,0.0,1.0,0.0,2.0,3.0,2.0,2.0,2.0,0.0,3.0,0.0,0.0,3.0,2.0,2.0,0.0,0.0,1.0,1.0,1.0,0.0,0.0,0.0,0.0,0.0,1.0,0.0,0.0,0.0,0.0
70,1.0,0.0,1.0,0.0,9,10,5.0,2.0,10,10,8,8.0,10,10,10,3.0,9,10,10,10,8.0,7.0,5.0,10,6,4.0,10,10,9,2.0,4.0,4.0,3.0,3.0,0.0,4.0,3.0,3.0,0.0,1.0,1.0,0.0,0.0,0.0,1.0,0.0,2.0,4.0,0.0,7.0,1.0,1.0,2.0,1.0,1.0,3.0,1.0,2.0,3.0,0.0,5.0,0.0,0.0,0.0,1.0,2.0,0.0,0.0,0.0,1.0,1.0,3.0,0.0,0.0,0.0,0.0,2.0,1.0,1.0,1.0,0.0
71,1.0,2.0,2.0,0.0,8,10,4.0,2.0,10,10,5,6.0,10,10,10,0.0,9,10,10,10,8.0,7.0,4.0,10,6,3.0,10,10,8,3.0,3.0,3.0,4.0,4.0,1.0,2.0,3.0,1.0,0.0,0.0,1.0,0.0,0.0,0.0,2.0,1.0,1.0,4.0,1.0,7.0,1.0,1.0,1.0,0.0,1.0,2.0,2.0,3.0,2.0,0.0,6.0,0.0,0.0,0.0,1.0,3.0,0.0,0.0,0.0,1.0,1.0,2.0,0.0,0.0,0.0,0.0,2.0,1.0,0.0,0.0,0.0
72,2.0,1.0,0.0,0.0,10,10,4.0,2.0,10,10,8,6.0,10,10,10,2.0,7,10,10,9,7.0,7.0,5.0,10,7,2.0,9,10,7,2.0,3.0,3.0,3.0,4.0,0.0,3.0,3.0,2.0,0.0,1.0,1.0,1.0,0.0,0.0,0.0,1.0,1.0,6.0,1.0,5.0,2.0,1.0,1.0,0.0,2.0,2.0,3.0,0.0,1.0,0.0,5.0,0.0,0.0,3.0,2.0,4.0,0.0,0.0,1.0,1.0,1.0,1.0,1.0,0.0,0.0,0.0,1.0,0.0,0.0,0.0,0.0
73,0.0,2.0,1.0,0.0,8,10,4.0,2.0,9,10,8,8.0,10,10,10,1.0,9,7,10,9,9.0,6.0,6.0,10,4,2.0,10,9,9,0.0,5.0,4.0,4.0,4.0,0.0,3.0,3.0,2.0,0.0,1.0,0.0,2.0,0.0,0.0,2.0,0.0,0.0,5.0,0.0,5.0,1.0,0.0,0.0,0.0,1.0,3.0,3.0,3.0,2.0,0.0,6.0,0.0,0.0,1.0,0.0,0.0,0.0,0.0,0.0,1.0,0.0,0.0,0.0,0.0,0.0,0.0,2.0,0.0,0.0,0.0,0.0
74,1.0,1.0,0.0,1.0,10,10,4.0,2.0,10,10,6,6.0,10,10,10,1.0,8,8,10,9,7.0,5.0,5.0,10,3,4.0,10,10,9,3.0,3.0,3.0,4.0,3.0,0.0,2.0,3.0,2.0,0.0,0.0,0.0,0.0,0.0,0.0,0.0,1.0,1.0,5.0,1.0,4.0,0.0,2.0,1.0,0.0,2.0,3.0,2.0,2.0,2.0,0.0,4.0,0.0,0.0,3.0,2.0,2.0,0.0,0.0,1.0,0.0,1.0,1.0,0.0,0.0,0.0,0.0,1.0,1.0,0.0,0.0,0.0
75,2.0,2.0,0.0,0.0,9,10,4.0,1.0,10,10,7,4.0,10,10,10,2.0,9,9,10,10,7.0,6.0,4.0,10,6,4.0,8,10,9,2.0,4.0,3.0,4.0,3.0,0.0,3.0,3.0,2.0,0.0,2.0,1.0,0.0,0.0,0.0,2.0,1.0,2.0,2.0,2.0,4.0,0.0,1.0,2.0,1.0,1.0,3.0,2.0,3.0,2.0,0.0,5.0,0.0,0.0,1.0,1.0,1.0,0.0,0.0,2.0,1.0,0.0,2.0,0.0,0.0,0.0,0.0,1.0,1.0,0.0,0.0,0.0
76,1.0,2.0,1.0,0.0,10,10,4.0,1.0,9,10,7,6.0,10,10,10,1.0,9,8,10,9,6.0,6.0,2.0,10,5,5.0,8,10,9,0.0,4.0,3.0,5.0,1.0,0.0,2.0,2.0,3.0,0.0,0.0,0.0,0.0,0.0,0.0,2.0,2.0,2.0,6.0,1.0,6.0,0.0,0.0,3.0,1.0,1.0,3.0,3.0,1.0,2.0,0.0,4.0,0.0,0.0,1.0,2.0,1.0,0.0,0.0,2.0,0.0,0.0,3.0,0.0,0.0,0.0,0.0,0.0,1.0,0.0,1.0,0.0
77,1.0,1.0,0.0,0.0,10,10,4.0,1.0,10,10,8,8.0,10,10,10,1.0,9,9,10,10,7.0,7.0,5.0,10,5,2.0,10,10,8,0.0,2.0,2.0,6.0,2.0,0.0,3.0,3.0,3.0,0.0,0.0,1.0,1.0,0.0,0.0,1.0,0.0,2.0,5.0,1.0,5.0,0.0,1.0,0.0,0.0,1.0,3.0,2.0,1.0,2.0,0.0,4.0,0.0,0.0,1.0,1.0,1.0,0.0,0.0,1.0,1.0,1.0,1.0,0.0,0.0,0.0,0.0,1.0,1.0,0.0,0.0,0.0
78,2.0,0.0,2.0,0.0,10,10,5.0,2.0,9,10,9,7.0,10,10,10,2.0,9,10,10,9,7.0,7.0,3.0,10,8,3.0,10,9,8,1.0,4.0,3.0,6.0,5.0,0.0,4.0,4.0,3.0,0.0,0.0,0.0,1.0,0.0,0.0,0.0,0.0,0.0,7.0,1.0,5.0,1.0,0.0,1.0,1.0,1.0,3.0,2.0,1.0,1.0,0.0,2.0,0.0,0.0,0.0,2.0,1.0,0.0,0.0,1.0,1.0,1.0,2.0,0.0,0.0,0.0,0.0,1.0,0.0,0.0,0.0,0.0
79,0.0,0.0,1.0,0.0,8,10,5.0,2.0,9,10,5,8.0,10,10,10,1.0,9,8,10,9,9.0,6.0,6.0,10,5,3.0,10,9,8,0.0,2.0,4.0,6.0,3.0,0.0,3.0,3.0,3.0,0.0,1.0,0.0,0.0,0.0,0.0,0.0,0.0,0.0,6.0,1.0,6.0,0.0,0.0,3.0,1.0,1.0,3.0,2.0,0.0,2.0,0.0,4.0,0.0,0.0,2.0,3.0,2.0,0.0,0.0,0.0,0.0,0.0,1.0,0.0,0.0,0.0,0.0,0.0,1.0,0.0,0.0,0.0
80,2.0,0.0,3.0,0.0,8,10,5.0,2.0,9,10,7,8.0,10,10,10,0.0,8,9,10,9,8.0,6.0,6.0,10,5,3.0,9,10,8,3.0,2.0,4.0,6.0,3.0,0.0,4.0,2.0,2.0,1.0,0.0,1.0,0.0,0.0,0.0,0.0,0.0,2.0,5.0,1.0,5.0,1.0,1.0,1.0,0.0,1.0,3.0,3.0,1.0,0.0,0.0,5.0,0.0,0.0,0.0,3.0,2.0,0.0,0.0,0.0,1.0,0.0,1.0,0.0,0.0,0.0,0.0,1.0,1.0,0.0,0.0,0.0
81,1.0,0.0,1.0,0.0,10,10,5.0,2.0,10,10,7,6.0,10,10,10,1.0,8,9,10,9,7.0,7.0,4.0,10,6,2.0,9,10,8,2.0,3.0,4.0,5.0,3.0,0.0,2.0,3.0,2.0,0.0,1.0,2.0,1.0,0.0,0.0,2.0,2.0,2.0,4.0,0.0,6.0,1.0,0.0,2.0,1.0,1.0,3.0,2.0,3.0,1.0,0.0,3.0,0.0,0.0,1.0,2.0,2.0,0.0,0.0,0.0,0.0,1.0,1.0,0.0,0.0,0.0,0.0,2.0,1.0,0.0,0.0,0.0
82,2.0,0.0,2.0,0.0,9,10,4.0,1.0,10,10,9,9.0,10,10,10,0.0,9,9,10,9,7.0,6.0,5.0,10,7,4.0,10,10,7,3.0,5.0,5.0,5.0,1.0,0.0,2.0,3.0,1.0,1.0,0.0,0.0,1.0,0.0,0.0,2.0,1.0,1.0,7.0,0.0,7.0,1.0,2.0,3.0,1.0,1.0,3.0,2.0,2.0,1.0,0.0,4.0,0.0,0.0,2.0,3.0,1.0,0.0,0.0,0.0,1.0,1.0,2.0,0.0,0.0,0.0,0.0,1.0,1.0,0.0,0.0,0.0
83,1.0,1.0,0.0,1.0,9,10,4.0,2.0,10,10,7,6.0,10,10,10,2.0,9,10,10,10,8.0,7.0,5.0,10,5,3.0,9,10,8,2.0,3.0,3.0,4.0,3.0,0.0,3.0,3.0,2.0,1.0,0.0,0.0,0.0,0.0,0.0,0.0,1.0,1.0,6.0,0.0,5.0,0.0,0.0,1.0,1.0,2.0,2.0,1.0,3.0,1.0,0.0,5.0,0.0,0.0,0.0,1.0,1.0,0.0,0.0,1.0,0.0,0.0,2.0,0.0,0.0,0.0,0.0,0.0,0.0,0.0,0.0,0.0
84,1.0,0.0,0.0,1.0,9,10,3.0,1.0,10,10,6,8.0,10,10,10,2.0,9,10,10,8,8.0,7.0,5.0,9,5,3.0,10,10,8,0.0,2.0,3.0,6.0,3.0,0.0,2.0,3.0,3.0,0.0,1.0,1.0,0.0,0.0,0.0,0.0,0.0,2.0,5.0,1.0,3.0,1.0,1.0,2.0,1.0,1.0,3.0,0.0,1.0,1.0,0.0,3.0,0.0,0.0,2.0,1.0,3.0,0.0,0.0,0.0,0.0,1.0,1.0,0.0,0.0,0.0,0.0,1.0,1.0,0.0,0.0,0.0
85,1.0,1.0,1.0,0.0,10,10,4.0,1.0,10,10,7,3.0,10,10,10,2.0,9,8,10,10,7.0,6.0,3.0,10,5,3.0,10,9,6,0.0,3.0,3.0,6.0,3.0,0.0,2.0,3.0,2.0,0.0,1.0,1.0,1.0,0.0,0.0,0.0,0.0,2.0,4.0,0.0,5.0,0.0,1.0,1.0,1.0,1.0,3.0,1.0,2.0,1.0,0.0,4.0,0.0,0.0,0.0,2.0,2.0,0.0,0.0,0.0,0.0,0.0,3.0,0.0,0.0,0.0,0.0,1.0,0.0,0.0,0.0,0.0
86,0.0,0.0,1.0,0.0,8,10,4.0,1.0,9,10,7,7.0,10,10,10,1.0,9,10,10,10,7.0,7.0,3.0,9,3,3.0,10,10,8,2.0,3.0,4.0,6.0,4.0,0.0,2.0,3.0,2.0,0.0,1.0,0.0,0.0,0.0,0.0,1.0,1.0,2.0,5.0,0.0,6.0,1.0,1.0,1.0,1.0,2.0,3.0,0.0,1.0,2.0,0.0,4.0,0.0,0.0,0.0,2.0,2.0,0.0,0.0,0.0,0.0,0.0,2.0,0.0,0.0,0.0,0.0,1.0,0.0,0.0,0.0,0.0
87,0.0,1.0,0.0,0.0,9,10,4.0,2.0,10,10,8,7.0,10,10,10,2.0,8,9,10,9,7.0,7.0,4.0,9,6,3.0,10,10,8,3.0,3.0,1.0,3.0,2.0,0.0,5.0,3.0,2.0,0.0,1.0,0.0,1.0,0.0,0.0,1.0,0.0,0.0,5.0,1.0,5.0,1.0,1.0,1.0,1.0,1.0,3.0,2.0,1.0,0.0,0.0,2.0,0.0,0.0,1.0,2.0,2.0,0.0,0.0,0.0,1.0,1.0,1.0,0.0,0.0,0.0,0.0,1.0,0.0,0.0,0.0,0.0
88,0.0,0.0,2.0,0.0,9,10,4.0,0.0,10,10,5,7.0,10,10,10,3.0,8,8,10,9,7.0,8.0,3.0,10,4,3.0,9,9,9,1.0,4.0,2.0,5.0,2.0,0.0,3.0,3.0,1.0,0.0,1.0,1.0,1.0,0.0,0.0,0.0,0.0,2.0,5.0,0.0,6.0,0.0,0.0,3.0,0.0,2.0,3.0,3.0,2.0,1.0,0.0,4.0,0.0,0.0,1.0,0.0,1.0,0.0,0.0,0.0,1.0,0.0,2.0,0.0,0.0,0.0,0.0,1.0,1.0,0.0,0.0,0.0
89,0.0,0.0,1.0,0.0,9,10,4.0,0.0,10,10,8,9.0,10,10,10,0.0,9,9,10,9,6.0,6.0,5.0,10,7,7.0,10,10,8,1.0,3.0,4.0,5.0,3.0,1.0,4.0,3.0,1.0,0.0,0.0,1.0,0.0,0.0,0.0,0.0,0.0,2.0,5.0,0.0,5.0,1.0,1.0,1.0,1.0,1.0,2.0,2.0,1.0,1.0,0.0,4.0,0.0,0.0,1.0,2.0,1.0,0.0,0.0,0.0,1.0,1.0,3.0,0.0,0.0,0.0,0.0,1.0,1.0,0.0,0.0,0.0
90,0.0,0.0,0.0,0.0,10,10,4.0,2.0,10,10,7,6.0,10,10,10,1.0,8,10,10,9,7.0,6.0,4.0,10,5,3.0,10,10,8,0.0,1.0,3.0,5.0,2.0,0.0,5.0,3.0,2.0,0.0,1.0,0.0,0.0,0.0,0.0,0.0,1.0,2.0,2.0,0.0,5.0,0.0,1.0,1.0,1.0,1.0,3.0,1.0,1.0,2.0,0.0,4.0,0.0,0.0,1.0,2.0,0.0,0.0,0.0,0.0,0.0,0.0,2.0,0.0,0.0,0.0,0.0,1.0,0.0,0.0,0.0,0.0
91,0.0,0.0,0.0,0.0,10,10,3.0,1.0,10,10,6,7.0,10,10,10,2.0,9,9,10,10,7.0,5.0,4.0,10,5,2.0,9,9,9,2.0,1.0,2.0,6.0,3.0,0.0,2.0,4.0,1.0,0.0,1.0,2.0,0.0,0.0,0.0,0.0,0.0,2.0,6.0,0.0,5.0,0.0,0.0,2.0,1.0,1.0,3.0,2.0,0.0,1.0,0.0,4.0,0.0,0.0,1.0,3.0,1.0,0.0,0.0,0.0,0.0,0.0,1.0,0.0,0.0,0.0,0.0,1.0,1.0,0.0,0.0,0.0
92,0.0,0.0,0.0,1.0,9,10,3.0,0.0,10,10,8,6.0,10,10,10,0.0,8,10,10,10,7.0,7.0,4.0,10,6,3.0,9,9,9,0.0,3.0,3.0,5.0,3.0,0.0,1.0,3.0,1.0,0.0,1.0,0.0,0.0,0.0,0.0,0.0,0.0,1.0,6.0,0.0,4.0,1.0,1.0,1.0,1.0,1.0,3.0,2.0,1.0,1.0,0.0,3.0,0.0,0.0,1.0,1.0,2.0,0.0,0.0,1.0,1.0,1.0,2.0,0.0,0.0,0.0,0.0,1.0,1.0,0.0,0.0,0.0
93,1.0,0.0,2.0,0.0,8,10,3.0,1.0,8,10,8,8.0,10,10,10,1.0,9,9,10,9,6.0,7.0,2.0,10,6,4.0,9,9,8,0.0,4.0,2.0,5.0,2.0,0.0,3.0,2.0,3.0,0.0,1.0,1.0,1.0,0.0,0.0,0.0,0.0,4.0,4.0,0.0,6.0,1.0,1.0,2.0,1.0,1.0,3.0,2.0,1.0,2.0,0.0,3.0,0.0,0.0,0.0,0.0,1.0,0.0,0.0,1.0,1.0,1.0,2.0,0.0,0.0,0.0,0.0,1.0,0.0,0.0,0.0,0.0
94,0.0,0.0,1.0,0.0,7,10,3.0,0.0,10,10,7,8.0,10,10,10,0.0,9,8,10,9,8.0,6.0,4.0,10,6,2.0,10,9,9,0.0,3.0,3.0,4.0,4.0,0.0,2.0,4.0,2.0,0.0,1.0,0.0,0.0,0.0,0.0,0.0,1.0,1.0,5.0,0.0,6.0,1.0,0.0,2.0,1.0,2.0,3.0,2.0,1.0,2.0,0.0,3.0,0.0,0.0,2.0,1.0,2.0,0.0,0.0,0.0,1.0,1.0,2.0,0.0,0.0,0.0,0.0,1.0,0.0,0.0,0.0,0.0
95,1.0,0.0,0.0,1.0,7,10,3.0,1.0,10,10,8,8.0,10,10,10,1.0,9,8,10,9,8.0,6.0,4.0,10,4,4.0,10,10,8,1.0,3.0,3.0,4.0,1.0,0.0,3.0,3.0,2.0,0.0,1.0,0.0,0.0,0.0,0.0,0.0,0.0,2.0,5.0,1.0,4.0,0.0,0.0,2.0,1.0,1.0,2.0,2.0,1.0,2.0,0.0,3.0,0.0,0.0,1.0,2.0,2.0,0.0,0.0,0.0,0.0,1.0,3.0,0.0,0.0,0.0,0.0,1.0,0.0,0.0,0.0,0.0
96,2.0,1.0,1.0,0.0,10,10,4.0,1.0,10,10,6,9.0,10,10,10,1.0,9,8,10,9,9.0,6.0,3.0,10,6,4.0,8,10,9,2.0,3.0,3.0,5.0,3.0,1.0,2.0,3.0,1.0,0.0,0.0,0.0,1.0,0.0,0.0,1.0,1.0,2.0,6.0,0.0,6.0,1.0,0.0,1.0,0.0,1.0,3.0,1.0,1.0,2.0,0.0,3.0,0.0,0.0,1.0,1.0,2.0,0.0,0.0,0.0,1.0,0.0,2.0,0.0,0.0,0.0,0.0,2.0,0.0,0.0,0.0,0.0
97,1.0,0.0,0.0,0.0,10,10,4.0,0.0,10,10,6,8.0,10,10,10,0.0,9,9,10,8,5.0,7.0,3.0,10,5,2.0,9,10,8,1.0,3.0,3.0,4.0,2.0,0.0,3.0,3.0,3.0,0.0,0.0,0.0,0.0,0.0,0.0,1.0,0.0,2.0,4.0,0.0,5.0,0.0,1.0,1.0,1.0,1.0,3.0,2.0,1.0,2.0,0.0,3.0,0.0,0.0,1.0,1.0,1.0,0.0,0.0,0.0,0.0,1.0,3.0,0.0,0.0,0.0,0.0,2.0,1.0,0.0,0.0,0.0
98,0.0,1.0,1.0,0.0,10,9,4.0,1.0,9,10,7,9.0,10,10,10,3.0,8,8,10,9,8.0,6.0,3.0,10,7,1.0,9,10,8,1.0,3.0,3.0,5.0,5.0,0.0,3.0,3.0,3.0,1.0,0.0,1.0,2.0,0.0,0.0,1.0,1.0,4.0,4.0,0.0,6.0,1.0,0.0,2.0,1.0,1.0,3.0,2.0,1.0,3.0,0.0,3.0,0.0,0.0,1.0,2.0,2.0,0.0,0.0,0.0,1.0,1.0,1.0,0.0,0.0,0.0,0.0,2.0,0.0,0.0,0.0,0.0
99,1.0,0.0,1.0,1.0,10,10,4.0,2.0,10,10,6,9.0,10,10,10,2.0,9,10,10,9,8.0,6.0,4.0,10,5,2.0,7,10,8,0.0,3.0,3.0,5.0,3.0,0.0,4.0,3.0,3.0,0.0,1.0,0.0,1.0,0.0,0.0,0.0,0.0,3.0,6.0,0.0,5.0,0.0,0.0,3.0,0.0,1.0,3.0,2.0,1.0,3.0,0.0,5.0,0.0,0.0,0.0,2.0,2.0,1.0,0.0,1.0,0.0,1.0,3.0,0.0,0.0,0.0,0.0,2.0,0.0,0.0,0.0,0.0
100,1.0,1.0,2.0,0.0,10,9,4.0,2.0,10,10,6,8.0,10,10,10,2.0,8,7,10,9,8.0,6.0,0.0,10,3,4.0,9,9,7,0.0,3.0,3.0,5.0,4.0,0.0,3.0,3.0,2.0,1.0,0.0,1.0,2.0,0.0,0.0,2.0,2.0,3.0,6.0,0.0,4.0,1.0,2.0,2.0,0.0,1.0,3.0,1.0,1.0,1.0,0.0,3.0,0.0,0.0,1.0,1.0,2.0,0.0,0.0,0.0,1.0,1.0,1.0,0.0,0.0,0.0,0.0,2.0,1.0,0.0,0.0,0.0
