Residue,VDW,Electrostatic,Polar solvation,Non-polar solvation,Total energy
ILE   1,-0.08049599999999993,7.159954999999999,-5.8343060000000015,0.0,1.2451529999999995
VAL   2,-0.07388099999999995,-0.23671599999999993,0.24806199999999992,0.0,-0.06253499999999998
GLY   3,-0.007255999999999971,-0.2749079999999998,0.25766,0.0,-0.024503999999999988
GLY   4,-0.00360499999999993,0.175488,-0.16382700000000003,0.0,0.00805599999999997
GLN   5,-0.0039039999999999605,-0.102312,0.10643699999999996,0.0,0.00022100000000000244
GLU   6,-0.00393999999999992,-2.60943,2.618011,0.0,0.00464100000000014
CYX   7,-0.00303399999999997,-0.0449630000000001,0.04428599999999995,0.0,-0.00371099999999997
LYS   8,-0.00142999999999995,1.8290980000000001,-1.8205269999999998,0.0,0.00714099999999983
ASP   9,-0.0008979999999999601,-2.1773890000000007,2.1700250000000003,0.0,-0.008262000000000021
GLY  10,-0.00049099999999994,0.058650999999999696,-0.056629999999999944,0.0,0.0015299999999996501
GLU  11,-0.0016759999999999401,-2.2815590000000006,2.281235,0.0,-0.00199999999999998
CYX  12,-0.00288199999999996,-0.07657500000000016,0.08595699999999996,0.0,0.00649999999999992
PRO  13,-0.0019269999999999802,-0.05529299999999987,0.05812799999999998,0.0,0.00090800000000015
TRP  14,-0.005539999999999921,0.09563200000000009,-0.09152399999999995,0.0,-0.00143199999999986
GLN  15,-0.017864999999999954,0.2823010000000002,-0.162821,0.0,0.10161499999999998
ALA  16,-0.01208099999999996,-0.08203400000000013,0.08012499999999996,0.0,-0.013990000000000391
LEU  17,-0.08011699999999995,0.33640500000000007,-0.270292,-6.695999999999994e-06,-0.014010695999999712
LEU  18,-0.12802399999999997,-0.8628759999999998,0.87285,0.0,-0.11804999999999972
ILE  19,-0.08771499999999992,1.0545730000000004,-0.9541200000000002,0.0,0.012738000000000199
ASN  20,-0.667524,2.184907,-0.9181899999999998,-0.15059746799999998,0.4485955319999995
GLU  21,-0.18590299999999998,-4.9854590000000005,5.6290379999999995,-0.011517566399999951,0.4461584336000001
GLU  22,0.19824899999999995,-36.840446,36.17536499999999,-0.2453190984,-0.7121510983999996
ASN  23,-0.06909499999999996,0.37537899999999985,-0.17251499999999995,-2.4573599999990003e-05,0.1337444263999996
GLU  24,-0.45257499999999995,-43.711015999999994,43.629741,-0.3270150719999999,-0.8608650719999996
GLY  25,-0.625646,-2.665554000000001,3.5904499999999993,-0.11335069439999992,0.1858993055999995
PHE  26,-3.1130459999999998,-2.859091,2.6751929999999997,-0.36739391759999995,-3.6643379175999997
CYX  27,-1.07672,-0.8154169999999998,0.6812219999999998,-0.03928285439999995,-1.2501978543999996
GLY  28,-0.08300599999999995,-0.12712899999999977,0.19120099999999995,0.0,-0.01893399999999964
GLY  29,-0.015650999999999932,-0.19996600000000003,0.20829399999999998,0.0,-0.0073230000000003
THR  30,-0.00910099999999996,0.01407699999999985,-0.00479299999999998,0.0,0.00018299999999987104
ILE  31,-0.004099999999999949,-0.015898999999999962,0.01754799999999995,0.0,-0.0024509999999999497
LEU  32,-0.0030309999999999404,0.01363000000000018,-0.01334299999999998,0.0,-0.0027439999999995706
SER  33,-0.0010369999999999499,-0.10182499999999968,0.10203799999999996,0.0,-0.0008239999999996
GLU  34,-0.00103399999999993,-1.063219,1.0590129999999998,0.0,-0.005239999999999419
PHE  35,-0.0017699999999999702,0.01530499999999963,-0.01332999999999997,0.0,0.00020499999999982005
TYR  36,-0.0032319999999999697,-0.05130799999999983,0.05920899999999997,0.0,0.004669000000000139
ILE  37,-0.008583999999999942,0.16299699999999956,-0.14584299999999994,0.0,0.00856999999999957
LEU  38,-0.01267699999999992,-0.20719499999999996,0.22125699999999998,0.0,0.001384999999999991
THR  39,-0.046899999999999956,0.321453,-0.253144,0.0,0.02140900000000011
ALA  40,-0.12676699999999994,0.0035279999999997804,0.0076079999999999915,-1.1476800000000002e-05,-0.11564247680000017
ALA  41,-0.10278099999999993,0.17442300000000002,-0.15921999999999997,0.0,-0.08757799999999996
HIE  42,-2.783493000000001,0.8474440000000001,1.221253,-0.3316358159999999,-1.0464318159999997
CYX  43,-1.1421299999999999,-0.4161580000000001,0.9944600000000001,-0.09585979919999994,-0.6596877992000001
LEU  44,-0.23063599999999998,0.28150499999999984,-0.12250199999999997,-3.317039999999999e-05,-0.07166617039999992
TYR  45,-1.8642859999999999,-0.07342900000000009,1.1508990000000001,-0.30354688799999996,-1.0903628879999996
GLN  46,-2.277183999999999,-4.582318999999999,5.395791,-0.5599891944000001,-2.023701194400001
ALA  47,-0.2958569999999999,0.16128800000000001,0.013304000000000038,-0.025357881599999965,-0.1466228816000002
LYS  48,-0.333289,-16.025800000000004,16.071377000000002,-0.17025349679999996,-0.4579654968000004
ARG  49,-0.07005099999999997,-0.49828900000000004,0.701595,-0.00175297679999998,0.1315020231999991
PHE  50,-0.07195999999999993,0.5600779999999995,-0.479552,0.0,0.00856599999999923
LYS  51,-0.02222399999999995,3.3592479999999996,-3.252459000000001,0.0,0.08456499999999958
VAL  52,-0.0140719999999999,0.198954,-0.17116499999999996,0.0,0.01371699999999984
ARG  53,-0.0196749999999999,6.584124000000001,-6.455984000000001,0.0,0.10846499999999888
VAL  54,-0.00464399999999994,-0.0795620000000001,0.08337199999999992,0.0,-0.00083400000000029
GLY  55,-0.00163699999999995,0.06782199999999992,-0.06321599999999997,0.0,0.00296899999999968
ASP  56,-0.00650799999999991,-5.1664200000000005,5.189539,0.0,0.01661099999999982
ARG  57,-0.0049979999999999695,2.8870569999999995,-2.8605229999999997,0.0,0.021535999999999885
ASN  58,-0.007242999999999932,-0.23139499999999996,0.25459200000000004,0.0,0.015954000000000003
THR  59,-0.02802799999999995,0.012402999999999848,0.05233499999999995,-1.241999999999993e-05,0.03669757999999955
GLU  60,-0.01727099999999997,-6.783737,6.864511,-1.902239999999e-05,0.06348397759999959
GLN  61,-0.0042759999999999795,-0.1315469999999998,0.14689999999999995,0.0,0.011076999999999667
GLU  62,-0.00350299999999996,-4.336314,4.339043000000001,0.0,-0.0007740000000000498
GLU  63,-0.0021339999999999406,-3.092364999999999,3.086648999999999,0.0,-0.00784999999999952
GLY  64,-0.0006659999999999299,0.035256999999999886,-0.03371999999999995,0.0,0.00087099999999965
GLY  65,-0.00068099999999993,0.04355599999999997,-0.041235999999999974,0.0,0.00163900000000009
GLU  66,-0.00315299999999995,-3.5524029999999995,3.5568660000000003,0.0,0.0013100000000004998
ALA  67,-0.0019839999999999498,-0.153721,0.15520699999999998,0.0,-0.0004980000000002232
VAL  68,-0.00543199999999998,0.18326799999999993,-0.1704659999999999,0.0,0.007370000000000069
HIE  69,-0.0046809999999999794,-0.135481,0.14251299999999995,0.0,0.0023510000000001798
GLU  70,-0.00581099999999997,-1.4030389999999997,1.430253,0.0,0.02140300000000039
VAL  71,-0.008611999999999991,0.1173350000000001,-0.10367699999999994,0.0,0.0050460000000000305
GLU  72,-0.00354999999999994,0.4243939999999998,-0.414462,0.0,0.006381999999999779
VAL  73,-0.004952999999999939,-0.21710899999999986,0.229423,0.0,0.007361000000000039
VAL  74,-0.01425899999999993,0.19339399999999993,-0.16463699999999992,0.0,0.014497999999999997
ILE  75,-0.007587999999999951,-0.14925700000000003,0.15877399999999997,0.0,0.0019289999999996075
LYS  76,-0.03186399999999998,-3.6255870000000003,3.836609999999999,-0.0013441392,0.17781486080000058
HIE  77,-0.015482999999999922,0.46358000000000005,-0.425588,-0.00042245999999999007,0.022086539999999884
ASN  78,-0.023511999999999995,0.10061100000000031,-0.03102600000000002,-0.00487416959999999,0.04119883040000046
ARG  79,-0.06794299999999995,-2.3193919999999997,2.337297,-0.018850226399999982,-0.06888822640000015
PHE  80,-0.14005199999999993,0.2524029999999998,-0.146677,-0.00472684319999996,-0.039052843200000215
THR  81,-0.18744999999999998,-0.6190319999999997,0.8123610000000001,-0.028086199199999978,-0.02220719919999989
LYS  82,-0.9001870000000001,-14.126678000000002,15.347386,-0.18411448319999996,0.13640651679999988
GLU  83,-0.9936,9.042047999999998,-6.897144,-0.18805353839999991,0.9632504616000002
THR  84,-0.33625999999999995,-0.15063599999999996,0.43751299999999993,-0.03571275599999998,-0.08509575600000002
TYR  85,-2.200702,-0.386512,1.9576440000000002,-0.3957166007999998,-1.0252866007999997
ASP  86,-0.06989299999999997,2.077582000000001,-1.83353,-4.834799999999e-05,0.174110652000001
PHE  87,-0.03633099999999998,0.18389600000000011,-0.11926699999999997,-2.5487999999990002e-05,0.02827251199999988
ASP  88,-0.20915700000000004,-2.842724000000001,3.588902,-0.0039497471999999706,0.5330712527999998
ILE  89,-0.025591000000000003,0.2382909999999998,-0.18456199999999995,0.0,0.02813799999999974
ALA  90,-0.01441799999999992,-0.21015300000000017,0.21623399999999995,0.0,-0.00833699999999999
VAL  91,-0.00700299999999999,0.15316199999999988,-0.14417599999999997,0.0,0.00198299999999986
LEU  92,-0.014709,-0.02244400000000003,0.02728099999999998,0.0,-0.009871999999999999
ARG  93,-0.00373499999999993,0.12444999999999999,-0.11927600000000008,0.0,0.0014390000000014263
LEU  94,-0.00382299999999995,0.1630670000000002,-0.159754,0.0,-0.0005099999999998481
LYS  95,-0.0026409999999999698,0.28930899999999976,-0.2764,0.0,0.010267999999999881
THR  96,-0.0013409999999999401,-0.04547400000000028,0.04725899999999994,0.0,0.0004439999999997396
PRO  97,-0.00089699999999996,-0.05129099999999999,0.05146599999999998,0.0,-0.0007220000000001401
ILE  98,-0.0018239999999999398,0.11016899999999985,-0.10914399999999995,0.0,-0.0007989999999999701
THR  99,-0.0006849999999999501,-0.04748499999999985,0.047609999999999965,0.0,-0.0005599999999998399
PHE 100,-0.00106299999999996,0.050656000000000145,-0.05050499999999993,0.0,-0.0009119999999998499
ARG 101,-0.0009879999999999399,1.829488,-1.8224060000000004,0.0,0.00609400000000007
MET 102,-0.00075399999999996,-0.02442499999999993,0.025328999999999963,0.0,0.00014999999999986744
ASN 103,-0.00149199999999996,-0.03292999999999995,0.03964499999999995,0.0,0.005222999999999619
VAL 104,-0.0015119999999999702,0.06956800000000003,-0.06643299999999999,0.0,0.0016229999999999099
ALA 105,-0.0008939999999999601,-0.10375799999999982,0.10514999999999997,0.0,0.000498000000000196
PRO 106,-0.0011449999999999696,0.01059999999999994,-0.00827099999999999,0.0,0.0011840000000000398
ALA 107,-0.00128699999999993,0.08757699999999968,-0.08448099999999999,0.0,0.0018089999999998004
CYS 108,-0.00089499999999995,-0.06682300000000028,0.06678599999999993,0.0,-0.00093200000000014
LEU 109,-0.0016809999999999401,0.03433899999999985,-0.032940999999999936,0.0,-0.0002829999999999552
PRO 110,-0.0010489999999999397,0.02246300000000019,-0.022946999999999978,0.0,-0.0015330000000001397
GLU 111,-0.0006769999999999699,-0.5550019999999998,0.5514459999999997,0.0,-0.004233000000000369
ARG 112,-0.00140399999999996,0.17151300000000003,-0.1655750000000001,0.0,0.004533999999999759
ASP 113,-0.0005199999999999601,-0.2745750000000001,0.27112299999999995,0.0,-0.00397200000000012
TRP 114,-0.00087100000000001,-0.02047799999999999,0.02042999999999997,0.0,-0.0009190000000001801
ALA 115,-0.00066999999999996,-0.02505799999999985,0.02591499999999995,0.0,0.00018699999999997687
GLU 116,-0.0012679999999999502,-0.515903999999999,0.513945,0.0,-0.0032269999999989703
SER 117,-0.0004419999999999501,0.0022749999999998292,-0.0020879999999999697,0.0,-0.00025500000000017
THR 118,-0.00056699999999996,-0.00490600000000002,0.005925000000000011,0.0,0.00045200000000008515
LEU 119,-0.00145999999999993,-0.048334999999999906,0.05093999999999993,0.0,0.00114499999999998
MET 120,-0.0023279999999999404,-0.013908999999999967,0.015382999999999977,0.0,-0.0008540000000001799
THR 121,-0.00078099999999995,0.00047400000000000957,0.00033800000000002014,0.0,3.100000000004836e-05
GLN 122,-0.0011439999999999803,-0.0014239999999998212,0.005363999999999941,0.0,0.00279600000000014
LYS 123,-0.0015719999999999497,0.943708,-0.9315639999999998,0.0,0.01057199999999974
THR 124,-0.0021079999999999597,0.21852100000000002,-0.20562399999999995,0.0,0.01078899999999989
GLY 125,-0.0021799999999999697,0.012696999999999797,-0.004226999999999967,0.0,0.00628999999999981
ILE 126,-0.00588399999999995,0.048385000000000025,-0.02110699999999997,0.0,0.02139400000000018
VAL 127,-0.03471099999999995,0.3221010000000001,-0.27134099999999994,0.0,0.01604900000000003
SER 128,-0.01911499999999994,-0.12567999999999993,0.23347999999999997,0.0,0.08868500000000006
GLY 129,-0.02563899999999993,0.1372000000000001,-0.01174600000000002,0.0,0.09981500000000018
PHE 130,-0.126909,-0.24646499999999985,0.379392,-0.0007626455999999601,0.0052553544000002094
GLY 131,-0.22175699999999993,-0.21632499999999993,0.409244,-0.0058407623999999795,-0.03467876240000035
ARG 132,-2.015785,-7.224732,9.669672000000002,-0.3498106104,0.07934438959999816
THR 133,-0.05828899999999998,-0.07179499999999994,0.17457399999999998,0.0,0.044489999999999925
HIE 134,-0.08506399999999995,-0.6484089999999998,0.7884329999999998,-1.78344e-05,0.054942165599999725
GLU 135,-0.22663599999999998,8.946018,-8.198975,-0.0033669935999999707,0.5170400063999999
LYS 136,-0.676613,-39.170304,39.15317900000001,-0.32258388959999984,-1.0163218896000001
GLY 137,-0.14368099999999998,0.43606000000000017,-0.23938299999999996,-0.0034318655999999595,0.04956413440000035
ARG 138,-0.26086999999999994,3.8310100000000005,-3.554376,-0.01838641679999998,-0.0026224167999992663
GLN 139,-1.282189,-0.4696349999999999,1.285614,-0.2514378023999999,-0.7176478024
SER 140,-0.05445299999999999,-0.33327100000000015,0.44996099999999994,-2.1031199999999996e-05,0.06221596879999978
THR 141,-0.029834999999999952,0.030941999999999865,0.013574,0.0,0.014680999999999889
ARG 142,-0.01207499999999993,2.958194,-2.9056560000000005,0.0,0.04046300000000151
LEU 143,-0.013025999999999979,0.19281999999999985,-0.15075599999999995,0.0,0.029037999999999613
LYS 144,-0.01677599999999994,3.3025539999999998,-3.129657999999999,0.0,0.15612000000000018
MET 145,-0.0070989999999999595,0.1341650000000001,-0.11022699999999996,0.0,0.01683900000000014
LEU 146,-0.01973499999999991,-0.0649680000000001,0.06042499999999995,0.0,-0.02427800000000003
GLU 147,-0.004753999999999929,-2.5761629999999998,2.5710679999999995,0.0,-0.00984899999999965
VAL 148,-0.01787399999999994,0.2372449999999998,-0.20815599999999995,0.0,0.01121499999999956
PRO 149,-0.00623799999999994,-0.48674,0.468665,0.0,-0.02431300000000005
TYR 150,-0.0064729999999999606,0.054098999999999876,-0.039425999999999975,0.0,0.00819999999999996
VAL 151,-0.00885699999999992,-0.026903999999999907,0.043986999999999964,0.0,0.00822600000000001
ASP 152,-0.004146999999999961,0.05966500000000017,-0.05697299999999994,0.0,-0.00145500000000024
ARG 153,-0.01003099999999996,-0.2136000000000003,0.26676800000000006,0.0,0.04313699999999927
ASN 154,-0.00918799999999995,0.38959500000000014,-0.3613969999999999,-1.604879999999e-05,0.01899395119999996
SER 155,-0.00850499999999996,0.31957599999999997,-0.29303999999999997,0.0,0.01803099999999991
CYX 156,-0.019214999999999947,0.13232400000000025,-0.099695,0.0,0.01341400000000002
LYS 157,-0.08434399999999997,-3.564082,3.650118,-0.02224068479999999,-0.02054868480000025
LEU 158,-0.13895899999999994,0.5127400000000002,-0.3921349999999999,-0.02490978239999997,-0.043263782399999784
SER 159,-0.07258399999999995,0.18204800000000015,-0.081696,-0.0023305967999999702,0.02543740320000006
SER 160,-0.15113899999999997,0.2783999999999997,-0.046458999999999986,-0.00842482799999999,0.07237717199999992
SER 161,-0.453012,0.18360400000000002,0.31074999999999997,-0.09993121919999998,-0.058589219200000174
PHE 162,-1.3151610000000002,-0.27496799999999977,0.9750170000000002,-0.25290707039999993,-0.8680190703999999
ILE 163,-0.2185319999999999,-0.3094200000000002,0.4312809999999999,-0.04467270959999996,-0.14134370960000003
ILE 164,-0.05123299999999994,0.2033139999999999,-0.16280299999999998,-4.173119999998e-05,-0.010763731199999762
THR 165,-0.023321999999999937,-0.34342400000000006,0.3729740000000001,0.0,0.006227999999999939
GLN 166,-0.008214999999999962,-0.20463999999999985,0.23650899999999994,0.0,0.02365399999999987
ASN 167,-0.012885999999999936,-0.35770099999999977,0.3920910000000001,0.0,0.02150400000000029
MET 168,-0.06578099999999995,0.38873699999999983,-0.319281,-2.8656000000000027e-06,0.003672134399999899
PHE 169,-0.024777999999999946,-0.47157299999999963,0.46815099999999993,0.0,-0.02819999999999965
CYX 170,-0.025790999999999953,0.6083709999999998,-0.5226139999999999,0.0,0.0599659999999997
ALA 171,-0.03454899999999997,-1.0211699999999997,1.05259,0.0,-0.0031289999999996503
GLY 172,-0.014982999999999991,0.3923519999999997,-0.36263500000000004,0.0,0.01473399999999952
TYR 173,-0.01551799999999991,0.02709999999999992,-0.011489999999999997,0.0,9.199999999973994e-05
ASP 174,-0.00566099999999995,-0.8048789999999997,0.818379,0.0,0.00783899999999972
THR 175,-0.00442199999999994,0.16370900000000005,-0.14188799999999996,0.0,0.01739900000000024
LYS 176,-0.00765299999999997,1.8012679999999996,-1.7458009999999997,0.0,0.047813999999999676
GLN 177,-0.016041999999999952,0.2380229999999997,-0.12648199999999993,0.0,0.09549899999999992
GLU 178,-0.028119999999999944,-3.3166590000000005,3.4478860000000013,0.0,0.10310699999999991
ASP 179,0.704229,-33.08232399999999,24.967418000000002,-0.02366835119999993,-7.434345351200001
ALA 180,-0.790053,-2.4980219999999997,2.996718,-0.06786872639999994,-0.35922572640000033
CYX 181,-1.8204089999999997,0.3524280000000003,0.8516380000000001,-0.07533295919999994,-0.6916759591999997
GLN 182,-5.5607549999999994,-6.811191000000001,7.912684999999999,-0.7420666968,-5.201327696799998
GLY 183,-0.932377,-2.5233910000000006,1.8302319999999994,-0.12056831279999995,-1.7461043128
ASP 184,-0.8710689999999998,-7.976585999999999,7.1879550000000005,-0.0015538535999999599,-1.6612538536000006
SER 185,-1.4198930000000003,-1.5154260000000002,1.4652690000000002,-0.12633156719999994,-1.5963815671999995
GLY 186,-0.09015099999999995,0.3057540000000003,-0.2491239999999999,0.0,-0.033520999999999614
GLY 187,-0.03518799999999992,-0.07955200000000014,0.09295099999999994,0.0,-0.02178900000000015
PRO 188,-0.01671199999999992,-0.3415529999999998,0.33985299999999996,0.0,-0.01841199999999969
HIE 189,-0.016168999999999968,0.38927699999999954,-0.39230599999999993,0.0,-0.01919800000000055
VAL 190,-0.00399199999999996,-0.13842099999999996,0.13548999999999994,0.0,-0.00692299999999998
THR 191,-0.00170399999999995,0.01644699999999988,-0.015241000000000022,0.0,-0.0004980000000000701
ARG 192,-0.0010519999999999803,1.4539029999999995,-1.447494,0.0,0.00535700000000024
PHE 193,-0.00061799999999994,-0.025660999999999955,0.025258999999999938,0.0,-0.0010199999999998502
LYS 194,-0.00032099999999993993,0.7089670000000001,-0.7066980000000003,0.0,0.0019479999999997802
ASP 195,-0.00031599999999996,-1.012101,1.0088890000000001,0.0,-0.0035279999999997
THR 196,-0.0004979999999999601,0.021660999999999812,-0.020880999999999945,0.0,0.00028199999999974
TYR 197,-0.00165099999999999,0.04899200000000018,-0.04466899999999993,0.0,0.0026720000000001096
PHE 198,-0.0014859999999999,-0.10323200000000003,0.10576899999999993,0.0,0.00105100000000005
VAL 199,-0.0034059999999999702,0.17423200000000003,-0.15769999999999992,0.0,0.013125999999999938
THR 200,-0.0038999999999999994,0.14892799999999995,-0.12442199999999999,0.0,0.02060599999999989
GLY 201,-0.00646899999999994,0.10683199999999973,-0.05232699999999994,0.0,0.04803599999999978
ILE 202,-0.052921999999999934,0.10030800000000006,-0.012123999999999992,0.0,0.03526199999999997
VAL 203,-0.669734,0.9941980000000001,-0.6359239999999999,-0.040718599199999976,-0.3521785992
SER 204,-1.1669009999999997,-2.5032550000000002,2.690378,-0.07038214559999996,-1.0501601456000003
TRP 205,-4.213620000000001,-3.2655660000000006,4.436218,-0.37562021999999995,-3.41858822
GLY 206,-2.1042460000000003,-1.9113899999999997,2.3468739999999997,-0.18740692799999997,-1.8561689279999996
GLU 207,-1.5559020000000001,3.0371150000000005,-1.913444999999999,-0.1606789439999999,-0.5929109440000002
GLY 208,-0.14865599999999993,-8.774467000000001,6.734553000000003,-0.06591661919999994,-2.2544866192
CYX 209,-0.8189460000000001,2.503487,-1.9107380000000007,-0.00527035679999995,-0.23146735679999986
ALA 210,-0.15023499999999995,2.246885,-1.9719380000000002,-0.00011668319999996,0.12459531679999988
ARG 211,-0.21450299999999997,-10.361439999999998,10.871618999999999,-0.007783250399999971,0.2878927496000011
LYS 212,-0.019005999999999974,-1.3075210000000006,1.3816869999999999,0.0,0.05515999999999941
GLY 213,-0.014877999999999938,0.48053400000000035,-0.40645300000000006,-0.00017195759999999,0.05903104240000044
LYS 214,-0.15939299999999998,-5.827035,6.091073,-0.013525559999999954,0.09111944000000075
TYR 215,-0.29729300000000003,1.7544740000000005,-1.053247,-0.0020321567999999697,0.4019018432000003
GLY 216,-0.45586399999999994,2.4655,-1.6737340000000003,-0.026075685599999947,0.30982631440000014
ILE 217,-0.38308899999999996,-1.3646220000000002,1.301891,-0.0033941879999999495,-0.44921418799999974
TYR 218,-0.18459099999999998,0.45708399999999993,-0.540247,-0.00111527279999998,-0.26886927280000017
THR 219,-0.035965999999999956,-0.21122499999999977,0.26794199999999996,0.0,0.020751000000000193
LYS 220,-0.009012999999999941,0.8225529999999999,-0.7773929999999999,0.0,0.0361469999999998
VAL 221,-0.00613999999999995,0.19524099999999997,-0.18281499999999998,0.0,0.00628599999999988
THR 222,-0.0023879999999999696,0.02724399999999986,-0.02425299999999996,0.0,0.0006029999999998487
ALA 223,-0.0022869999999999497,0.10203500000000001,-0.09505299999999997,0.0,0.00469499999999992
PHE 224,-0.008276999999999951,0.04852199999999976,-0.03979799999999996,0.0,0.00044699999999929
LEU 225,-0.0018999999999999803,0.006656999999999941,-0.0059759999999999605,0.0,-0.00121899999999972
LYS 226,-0.00133899999999997,0.01715400000000016,-0.013345000000000263,0.0,0.00246999999999986
TRP 227,-0.00724399999999991,-0.04604399999999974,0.057884999999999985,0.0,0.00459700000000011
ILE 228,-0.00322899999999993,0.061397999999999786,-0.06036599999999996,0.0,-0.00219700000000027
ASP 229,-0.00097999999999996,-0.3167510000000001,0.3126360000000001,0.0,-0.005094999999999799
ARG 230,-0.0018079999999999299,-0.2693579999999999,0.2748149999999998,0.0,0.0036489999999997705
SER 231,-0.00172999999999995,0.09024699999999977,-0.08266999999999995,0.0,0.005846999999999989
MET 232,-0.0016969999999998902,-0.035261999999999925,0.03443699999999995,0.0,-0.0025219999999998295
LYS 233,-0.00108999999999993,-0.046325000000000005,0.04657200000000001,0.0,-0.0008430000000000202
CYX 234,-0.00999199999999992,8.878719,-8.671204000000001,0.0,0.1975229999999995
ALA 235,-0.016383999999999937,0.006787000000000052,0.028623000000000003,-4.375439999999e-05,0.018982245599999743
PHE 236,-0.2613629999999999,0.07371200000000003,0.08072100000000006,-0.04916237759999997,-0.15609237760000008
LYS 237,-0.09106099999999995,9.138019,-8.780542,-0.03041354879999993,0.2360024511999999
ALA 238,-0.026067999999999973,-0.20639900000000014,0.26105799999999996,-0.00067099679999999,0.027920003199999942
ASP 239,-0.173444,-10.54274,11.173345999999999,-0.05560820639999996,0.40155379359999976
ASP 240,-0.12727699999999992,-12.024009000000001,12.265195000000002,-0.02906994959999997,0.08483905039999935
GLY 241,-0.18362599999999998,-0.4515640000000002,0.5976230000000001,-0.016227179999999973,-0.05379418000000008
PRO 242,-0.7175409999999999,-0.3061570000000001,0.48574000000000017,-0.15167532959999996,-0.6896333296000002
CYX 243,-0.08944799999999997,-0.03176499999999989,0.12477099999999997,-0.00617448959999998,-0.0026164896000002596
LYS 244,-0.08982999999999995,12.948011,-12.657791,-0.024070262399999973,0.17631973759999992
ALA 245,-0.007249999999999949,0.028890999999999882,-0.01419499999999999,0.0,0.007445999999999929
ILE 246,-0.00948499999999993,0.115084,-0.10720099999999995,-0.00043606799999999,-0.002038067999999794
MET 247,-0.005648999999999951,-0.10189,0.10938499999999998,0.0,0.0018459999999999842
LYS 248,-0.00289599999999996,7.37476,-7.362848000000001,0.0,0.009016000000000182
ARG 249,-0.00593699999999998,8.123553000000001,-8.100067,0.0,0.01754900000000022
PHE 250,-0.003474999999999931,-0.08511200000000027,0.08729999999999996,0.0,-0.00128700000000021
PHE 251,-0.00883199999999992,0.08048399999999965,-0.06839899999999999,0.0,0.003252999999999679
PHE 252,-0.006355999999999961,-0.11225199999999988,0.11599699999999995,0.0,-0.0026110000000001696
ASN 253,-0.0051669999999999295,0.008317999999999267,0.007775999999999983,0.0,0.010926999999999317
ILE 254,-0.010450999999999969,0.14660800000000013,-0.13807999999999993,0.0,-0.0019229999999999102
PHE 255,-0.011928999999999901,0.12743200000000005,-0.10769399999999996,0.0,0.007808999999999869
THR 256,-0.00286499999999996,0.05433299999999993,-0.05083799999999998,0.0,0.00062999999999995
ARG 257,-0.00424499999999993,7.115488999999999,-7.094106000000002,0.0,0.01713800000000023
GLN 258,-0.0022069999999999703,-0.012458000000000139,0.01487099999999994,0.0,0.00020599999999994372
CYX 259,-0.0017549999999999402,0.07255599999999991,-0.07206299999999993,0.0,-0.00126200000000029
GLU 260,-0.0030559999999999502,-7.3534679999999994,7.357217000000001,0.0,0.0006930000000003199
GLU 261,-0.00280699999999995,-7.336172,7.339732999999998,0.0,0.00075400000000005
PHE 262,-0.013729999999999978,0.13098200000000024,-0.11234499999999994,0.0,0.00490700000000004
ILE 263,-0.01026699999999994,-0.09502599999999992,0.115304,-9.503999999999068e-07,0.01001004960000002
TYR 264,-0.02963499999999996,-0.01912700000000002,0.050606000000000026,0.0,0.00184400000000014
GLY 265,-0.013047999999999952,-0.07227800000000004,0.09278499999999999,-1.020959999999e-05,0.007448790399999976
GLY 266,-0.010301999999999959,-0.060729999999999916,0.09300499999999996,0.0,0.02197299999999982
CYX 267,-0.08574299999999996,0.07037199999999985,0.008384000000000006,-0.0021307751999999703,-0.009117775199999907
GLU 268,-0.5002500000000001,-12.357836999999998,13.390493000000001,-0.12642765119999994,0.4059783488000003
GLY 269,-0.14697400000000005,-0.19964600000000007,0.392198,-0.026213335200000003,0.01936466479999969
ASN 270,-0.16789300000000001,-0.04492800000000004,0.1903940000000001,-0.022167367199999982,-0.04459436719999976
GLN 271,-0.14032599999999992,-0.4624069999999997,0.515879,-0.04095028799999998,-0.12780428799999952
ASN 272,-0.01738099999999998,0.0407399999999998,-0.008002999999999972,-2.061359999999e-05,0.015335386399999654
ARG 273,-0.017639999999999982,8.529124,-8.466405000000002,-0.0022712112,0.04280778879999879
PHE 274,-0.00711399999999998,-0.02753799999999999,0.032027,0.0,-0.0026249999999998002
GLU 275,-0.0027719999999999195,-7.699751000000001,7.710402,0.0,0.0078789999999998
SER 276,-0.0011509999999999702,-0.08682999999999984,0.08802199999999996,0.0,4.100000000000003e-05
LEU 277,-0.00136599999999994,-0.07428799999999985,0.07405199999999998,0.0,-0.0016019999999999702
GLU 278,-0.00103199999999995,-6.284032,6.280609000000001,0.0,-0.0044550000000003
GLU 279,-0.00243799999999994,-7.3495680000000005,7.356682000000001,0.0,0.00467599999999972
CYX 280,-0.00222399999999997,-0.08323999999999995,0.08479899999999999,0.0,-0.0006650000000000901
LYS 281,-0.0016579999999999703,6.208069000000001,-6.202770999999999,0.0,0.003639999999999239
LYS 282,-0.00230199999999997,6.819528000000001,-6.806426,0.0,0.010800000000000429
MET 283,-0.009116999999999969,-0.11107999999999996,0.12399500000000008,-0.00018948239999998999,0.003608517600000231
CYX 284,-0.00385699999999996,-0.03547700000000001,0.039361999999999966,0.0,2.7999999999801818e-05
THR 285,-0.00196099999999995,-0.026685000000000007,0.030695999999999966,0.0,0.00204999999999987
ARG 286,-0.01029099999999996,8.109011999999998,-8.052268999999999,-0.0016095599999999901,0.044842439999999865
ASP 287,-0.0013729999999999702,-6.752235999999999,6.748398000000002,0.0,-0.00521100000000006
ASN 288,-0.0009869999999999799,-0.0011089999999998796,0.002007000000000042,0.0,-8.900000000015002e-05
ALA 289,-0.0006939999999999498,0.02108099999999981,-0.02061599999999999,0.0,-0.00022900000000032175
ASN 290,-0.00137599999999993,0.04346000000000003,-0.03963099999999998,0.0,0.0024529999999997397
ARG 291,-0.00256099999999998,7.101762000000001,-7.080999,-1.4400000000001078e-06,0.018200560000000518
ILE 292,-0.00146999999999995,-0.039148000000000134,0.040008,0.0,-0.0006100000000002525
ILE 293,-0.00148799999999993,0.032211999999999935,-0.03124099999999999,0.0,-0.00051700000000012
LYS 294,-0.00106999999999995,5.590382000000002,-5.580837,0.0,0.00847500000000036
THR 295,-0.0009039999999999701,0.016703000000000016,-0.015487999999999998,0.0,0.00031099999999991004
THR 296,-0.00078199999999998,-0.055776999999999965,0.05609899999999997,0.0,-0.00046000000000001996
LEU 297,-0.0009149999999999599,-0.030774999999999948,0.030833999999999973,0.0,-0.00085599999999995
GLN 298,-0.00129699999999996,0.013974000000000078,-0.012466000000000059,0.0,0.00021100000000033006
GLN 299,-0.00136499999999994,-0.05673700000000004,0.05701200000000001,0.0,-0.0010899999999997097
GLU 300,-0.00169299999999993,-6.254634000000001,6.247947999999999,0.0,-0.00837899999999961
LYS 301,-0.0036479999999999603,5.927077,-5.910373,0.0,0.013056000000000869
PRO 302,-0.004367999999999969,-0.039468999999999914,0.040491999999999966,0.0,-0.0033449999999997206
ASP 303,-0.00467899999999995,-8.564606,8.561831999999999,0.0,-0.0074529999999998695
PHE 304,-0.016473999999999968,-0.386773,0.4028029999999999,0.0,-0.0004439999999998801
CYX 305,-0.00736399999999995,-0.20333799999999996,0.21626899999999996,0.0,0.00556700000000005
PHE 306,-0.008575999999999941,-0.31225899999999995,0.32944099999999993,0.0,0.008606000000000492
LEU 307,-0.02300199999999993,0.23706099999999983,-0.19334500000000002,0.0,0.02071399999999983
GLU 308,-0.07966899999999996,-20.976725,21.217259000000002,-0.03445194959999996,0.12641305040000012
GLU 309,-0.18819599999999995,-37.120726000000005,37.417710000000014,-0.17177397119999996,-0.06298597119999996
ASP 310,-0.3067559999999999,-17.857116,19.053891999999994,-0.01052805599999994,0.879491944
PRO 311,-1.3369659999999999,2.004866,-1.7119199999999999,-0.28651302,-1.3305330199999998
GLY 312,-0.573161,-1.460584,2.494254,-0.052093310399999926,0.40841568959999985
ILE 313,-5.282683999999999,-1.392962,2.17965,-0.85198968,-5.34798568
CYX 314,-3.5397850000000006,-4.629498,6.162152,-0.35111697119999985,-2.3582479711999995
ARG 315,-11.163127,-43.824541,42.706428,-1.8819798264000007,-14.1632198264
GLY 316,-3.311777,-7.050891,7.320296999999999,-0.2726539128,-3.3150249127999993
TYR 317,-7.1031130000000005,-2.0923059999999998,4.092634,-1.1129504832000001,-6.2157354832
ILE 318,-3.999313000000001,-1.9054490000000004,2.2852550000000003,-0.5747582736000001,-4.1942652736
THR 319,-1.1360370000000002,-3.4613479999999996,3.7304320000000004,-0.239401368,-1.1063543679999999
ARG 320,-1.128682,8.118091000000002,-7.143732,-0.20166307199999994,-0.35598607200000054
TYR 321,-0.16558999999999993,-0.24739600000000025,0.37132200000000004,-0.00873086399999996,-0.05039486400000041
PHE 322,-0.06521700000000001,0.5732109999999998,-0.5069659999999999,-0.00086734079999998,0.00016065920000017997
TYR 323,-0.015065999999999972,-0.6466119999999997,0.6610669999999998,0.0,-0.0006109999999996601
ASN 324,-0.01975099999999992,-0.3069719999999999,0.36038199999999987,-0.0004508784,0.03320812160000007
ASN 325,-0.008214999999999958,1.102086,-1.06751,-1.2420000000000001e-05,0.026348579999999962
GLN 326,-0.01796499999999996,0.6435259999999999,-0.570738,-0.0014059871999999598,0.05341701280000031
THR 327,-0.00773499999999995,0.09231599999999998,-0.08101699999999996,0.0,0.0035639999999999895
LYS 328,-0.0045179999999999405,6.810348000000002,-6.777338,0.0,0.02849200000000009
GLN 329,-0.008849999999999969,-0.24797300000000036,0.27715499999999993,0.0,0.020331999999999722
CYX 330,-0.011389999999999931,0.33826499999999987,-0.31140899999999994,0.0,0.015465999999999938
GLU 331,-0.03349699999999996,-4.3533,4.525543,-0.00016417439999999,0.13858182560000004
ARG 332,0.38072399999999995,-46.839532999999996,41.931988,-0.2628412487999999,-4.789662248800001
PHE 333,-0.28946799999999995,3.274316,-2.90568,-0.004772015999999979,0.0743959840000001
LYS 334,-1.114727,-38.942959,39.249129999999994,-0.3263041943999999,-1.1348601944
TYR 335,-1.445351,1.1219499999999998,-0.5560419999999999,-0.09334797839999996,-0.9727909784
GLY 336,-1.078052,2.0214100000000004,-1.4615700000000003,-0.021897971999999974,-0.540109972
GLY 337,-1.6338929999999998,-2.0130280000000003,3.1777609999999994,-0.26135719199999996,-0.730517192
CYX 338,-2.43064,0.2775660000000001,0.22534600000000005,-0.2579608296,-2.1856888296
LEU 339,-1.6144640000000003,-0.6753379999999998,1.166453,-0.3138509232,-1.4371999232
GLY 340,-0.10271799999999995,0.7449319999999998,-0.5100019999999998,-8.729999999998003e-05,0.1321247
ASN 341,-0.06747199999999995,0.8644489999999998,-0.636935,-7.193520000000001e-05,0.1599700647999995
MET 342,-0.04976199999999998,0.08414099999999985,-0.005913999999999993,-0.00016730639999999018,0.0282976936
ASN 343,-0.03094499999999991,0.3760720000000001,-0.271712,0.0,0.07341500000000012
ASN 344,-0.18999599999999994,0.13274800000000012,0.15766600000000003,-0.01303055999999998,0.08738744000000018
PHE 345,-0.09527999999999995,0.8586030000000001,-0.74144,-0.0002078712,0.021675128799999718
GLU 346,-0.607366,-18.337005000000005,19.608504999999997,-0.2611478952,0.4029861048000007
THR 347,-0.10511899999999996,-1.2754250000000003,1.387783,-0.008919784799999931,-0.0016807848000001708
LEU 348,-0.03164799999999995,-1.0898619999999999,1.0940920000000003,-1.5285599999999998e-05,-0.02743328559999968
GLU 349,-0.017634999999999963,-1.795627,1.8756580000000003,0.0,0.062395999999999376
GLU 350,-0.04326099999999996,-10.003155000000001,10.233304,-0.0008620487999999699,0.18602595120000012
CYX 351,-0.01394699999999997,-0.5685700000000002,0.5834349999999999,0.0,0.0009179999999997321
LYS 352,-0.00863,0.7206190000000002,-0.6990390000000002,0.0,0.012949999999999939
ASN 353,-0.0062699999999999406,0.06003500000000002,-0.037674000000000006,0.0,0.01609100000000012
ILE 354,-0.0116709999999999,0.05612300000000019,-0.05173199999999996,0.0,-0.00727999999999943
CYX 355,-0.00611599999999995,-5.978925000000001,5.983752,0.0,-0.0012889999999999649
