Residue,Total energy 1,Total energy 2,Total energy 3,Total energy 4,Total energy 5,Total energy 6,Total energy 7,Total energy 8,Total energy 9,Total energy 10
ILE   1,1.23849,1.2814699999999997,1.2270599999999994,1.2468399999999995,1.269130000000001,1.1557000000000015,1.154420000000001,1.2337799999999994,1.1963599999999992,1.2222300000000026
VAL   2,-0.0640399999999999,-0.0544099999999998,-0.0637500000000006,-0.0553199999999995,-0.0575,-0.0523099999999998,-0.0645299999999998,-0.0462699999999997,-0.0524299999999998,-0.0581399999999998
GLY   3,-0.0241900000000007,-0.0006600000000006,-0.0012900000000009,-0.0018599999999999,-0.0018899999999999,-0.0019100000000002,-0.0017600000000004,-0.0026900000000003,-0.0017799999999997,-0.0019099999999997
GLY   4,0.0116099999999989,0.02589,0.0215599999999997,0.0231799999999988,0.0208499999999988,0.0231799999999999,0.0249500000000001,0.0247099999999998,0.0218599999999984,0.0246999999999993
GLN   5,0.0008099999999988,-0.0024200000000013,-0.0027400000000002,-0.0037499999999993,-0.0029899999999997,-0.0040500000000009,-0.0018600000000007,-0.0028200000000009,-0.0014700000000001,-0.0038099999999997
GLU   6,0.0050399999999996,0.0075299999999994,0.0029199999999986,-0.001610000000002,0.0010800000000001,-0.0024799999999993,0.0120699999999975,0.00258,0.0022,0.0006100000000007
CYX   7,-0.0038899999999993,-0.0027400000000004,-0.0037800000000004,-0.0043700000000001,-0.0036699999999998,-0.0038500000000002,-0.0031900000000006,-0.004069999999999,-0.0034800000000016,-0.0046200000000001
LYS   8,0.0074799999999998,0.0073400000000006,0.0076700000000003,0.0079399999999995,0.0082300000000006,0.0061499999999994,0.0049399999999986,0.0079099999999995,0.0068900000000005,0.0068499999999998
ASP   9,-0.0072999999999983,-0.0071500000000006,-0.0074399999999995,-0.0073900000000006,-0.0074199999999981,-0.00688,-0.0064300000000002,-0.0076700000000001,-0.0084400000000017,-0.0083999999999979
GLY  10,0.0016700000000016,0.0018400000000006,0.0012399999999989,0.0014299999999997,0.0018600000000008,0.00129,0.00113,0.00152,0.0013499999999999,0.0014999999999997
GLU  11,-0.00222,-0.0003900000000002,-0.002980000000001,-0.0028700000000002,-0.0027399999999992,-0.0016599999999992,-0.0002000000000003,-0.0020499999999984,-0.0021399999999997,-0.0002699999999995
CYX  12,0.0052699999999997,0.0080600000000002,0.0052799999999991,0.0059699999999991,0.0054299999999995,0.0051099999999986,0.0051899999999983,0.0081099999999995,0.0061399999999995,0.0070599999999998
PRO  13,0.0008699999999998,0.0016599999999985,0.0005599999999989,0.0008799999999992,0.0010700000000001,0.0008199999999992,0.0007899999999992,0.0013399999999983,0.001490000000001,0.0008500000000013
TRP  14,0.000300000000001,-0.0002300000000002,-0.00035,-0.000659999999999,-0.0032699999999993,-0.0006100000000013,-0.0035599999999993,0.001280000000001,-0.00586,-0.0005399999999985
GLN  15,0.0874000000000007,0.10606,0.0816500000000001,0.0904999999999991,0.0905699999999995,0.0824900000000003,0.083519999999999,0.1039099999999997,0.1031500000000001,0.1048000000000003
ALA  16,-0.0172199999999998,-0.017949999999998,-0.0130600000000003,-0.0139999999999999,-0.0151900000000005,-0.0158799999999984,-0.01649,-0.0198099999999995,-0.0164999999999995,-0.0180200000000007
LEU  17,-0.0117991519999992,-0.0274883439999993,-0.0038899999999999,-0.0016599999999994,-0.0041000000000004,-0.0006599999999995,-0.0043500000000008,-0.0074200000000009,-0.0067000000000003,-0.0152460399999993
LEU  18,-0.0871099999999996,-0.1296599999999999,-0.0736200000000002,-0.0757799999999998,-0.0857999999999997,-0.0725999999999988,-0.0749499999999995,-0.1187600000000003,-0.1001699999999998,-0.103189999999999
ILE  19,-0.0105600000000006,0.0424800000000004,-0.0050399999999996,-0.0039999999999995,0.0097300000000007,-0.0015599999999999,0.0061199999999986,0.0189200000000011,0.0321399999999994,0.01043
ASN  20,0.0696889839999984,0.6585181439999986,0.1341534000000004,0.1469342159999989,0.2888275760000003,0.1228972559999999,0.1354005919999988,0.3584750319999983,0.6587638959999991,0.4020292800000011
GLN  21,0.1918209840000003,0.2052073520000001,0.1122302079999998,0.0901937120000004,0.1802360960000001,0.1695303199999991,0.1630903680000018,0.1805141120000013,0.1024904559999984,0.1726356160000003
GLN  22,0.2588935600000006,-0.1782379120000003,0.2449566719999989,0.3030126880000005,0.1166492560000001,0.2877607920000002,0.2185079440000006,0.2433984639999994,-0.1725116000000011,0.1651070080000009
ASN  23,0.0962999999999998,0.1578600000000005,0.1129400000000002,0.1166699999999987,0.1137699999999988,0.0987400000000016,0.118530000000001,0.1278199999999999,0.1514500000000004,0.1369099999999993
GLN  24,-0.2273833759999999,-0.7000398240000006,-0.201495816,-0.093504584000001,-0.2239423680000005,-0.1409870079999994,-0.353925416,-0.2064302720000008,-0.8844647359999996,-0.4984192880000001
GLY  25,-0.1944283599999997,0.1634660880000001,0.2316305679999992,0.2552429199999996,0.180338048,0.1431965280000013,0.0289076960000012,0.2314285439999991,0.2137911919999999,0.2872769199999984
PHE  26,-2.079088039999998,-3.406656448000003,-2.13063324,-2.435002687999998,-2.5877143359999994,-1.780328047999998,-1.817272712,-3.750475528000002,-3.5192085520000016,-3.475128848
CYX  27,-0.8306328400000007,-1.4395969599999991,-0.6933287440000006,-0.8367793119999994,-0.8260876799999992,-0.7232721280000001,-0.8724334479999992,-1.4301710719999996,-1.3135663200000005,-1.2182604159999997
GLY  28,-0.0002599999999981,-0.034759575999999,-0.0045200000000001,-0.0023399999999995,-0.0015299999999998,-0.0002300000000005,-0.006169999999999,-0.0188700000000024,-0.0265100000000011,-0.0179500000000006
GLY  29,-0.0072100000000001,-0.0161000000000015,-0.0100699999999998,-0.0119199999999996,-0.0113799999999994,-0.0079299999999992,-0.0207000000000005,-0.0069500000000017,-0.0197600000000011,-0.009480000000001
THR  30,-0.0006899999999997,-0.0039399999999999,-0.0002599999999996,0.0028600000000005,0.0013699999999999,-0.0027299999999998,0.0094100000000003,-0.00142,0.0119999999999996,-0.0027400000000002
ILE  31,-0.0027800000000003,-0.00226,-0.0024600000000003,-0.001980000000001,-0.00169,-0.0023199999999999,-0.0015199999999999,-0.0024499999999997,-0.00121,-0.0018900000000002
LEU  32,-0.0022700000000003,-0.0023199999999991,-0.0021099999999985,-0.0018000000000005,-0.0026700000000003,-0.0022499999999996,-0.0013599999999995,-0.0025500000000004,-0.0017199999999991,-0.0026799999999998
SER  33,-0.0007799999999993,-0.0002299999999995,-0.0005900000000005,-0.0008900000000004,-0.00081,-0.0006200000000003,-0.0009900000000006,-0.0004200000000002,-0.0008700000000009,-0.0004500000000006
GLU  34,-0.0043900000000002,-0.0050299999999988,-0.00328,-0.0034300000000011,-0.0040499999999997,-0.0037099999999975,-0.0042599999999987,-0.0041599999999999,-0.0048399999999998,-0.0042300000000004
PHE  35,0.0001800000000008,0.0001999999999994,0.0001600000000015,0.0002299999999996,0.0006799999999996,0.0002700000000011,-8.160139230994901e-16,0.0004099999999992,0.0001100000000004,0.0007399999999994
TYR  36,0.0038400000000018,0.0041799999999994,0.0033000000000001,0.00357,0.0037699999999991,0.0035899999999993,0.0035199999999998,0.0052800000000004,0.0047100000000009,0.0046599999999991
ILE  37,0.0078800000000001,0.0064699999999993,0.0066699999999997,0.0070400000000003,0.0080699999999998,0.0073999999999986,0.0069899999999982,0.0095199999999995,0.0081899999999993,0.009539999999999
LEU  38,0.0034600000000004,-0.002950000000001,-0.0005299999999995,0.0007200000000015,0.0013200000000004,0.000949999999999,0.0032100000000007,0.002000000000001,0.0041399999999995,0.0030599999999998
THR  39,0.0303700000000003,0.0205400000000001,0.0193700000000006,0.0166099999999998,0.0205100000000006,0.0225700000000004,0.0290400000000003,0.0212100000000002,0.0195999999999991,0.0163200000000007
ALA  40,-0.0511499999999986,-0.0945799999999978,-0.0641499999999991,-0.0661700000000001,-0.0928599999999999,-0.0624799999999999,-0.041739999999999,-0.1215995760000005,-0.087537992000001,-0.1172100000000022
ALA  41,-0.0118500000000004,-0.0978500000000004,-0.0371400000000004,-0.0473499999999987,-0.0775899999999998,-0.035210000000001,-0.024480000000001,-0.0907800000000005,-0.0465799999999997,-0.05576
HIE  42,-1.572104344,-1.695868992000001,-0.8766532240000002,-0.7303964960000013,-1.4647254719999987,-1.3634639759999998,-0.449653024,-1.1184649359999996,-0.6413002319999996,-0.5294735439999999
CYX  43,-0.4270324079999993,-0.6793819760000009,-0.2483800000000013,-0.3155038960000006,-0.3754425680000003,-0.3278444719999993,-0.3183634160000005,-0.7067675760000001,-0.5235767280000001,-0.7791920560000021
LEU  44,-0.0190500000000001,-0.0725500000000009,0.0041300000000006,0.00161,-0.0040900000000005,0.0048500000000004,0.0066699999999998,-0.0940532880000009,-0.07679,-0.0789599999999996
TYR  45,0.0727112320000001,-4.233579432,0.0001706399999989,-0.0164646479999986,0.0806470560000012,-0.5616011599999977,0.1946959519999996,-1.830630920000001,-1.1528067360000014,-1.176570664000001
GLN  46,-0.6253849999999991,-1.7814062879999997,-1.619044335999998,-1.4490049280000006,-2.317472167999999,-2.064796928,-2.2764151280000005,-0.7828567360000008,-1.6172886479999995,-1.3488152240000009
ALA  47,-0.061133696000001,0.0309306079999995,-0.0488112560000012,-0.0510697839999995,-0.2825476480000005,-0.0783064240000006,-0.0432186080000001,-0.0392604879999989,0.0146135439999995,-0.1865297039999998
LYS  48,0.0641559840000001,0.0914399999999996,-0.0278511999999999,-0.1010938000000015,-0.3626107520000017,-0.068004136,0.2200400080000026,-0.0376004639999996,-0.0902566719999992,-0.3618387680000005
ARG  49,0.0729199999999963,0.0636699999999982,0.0678800000000026,0.0790513439999986,0.1056900000000007,0.0565100000000049,0.0670700000000022,0.0270397999999988,0.0519400000000027,0.1111430399999949
PHE  50,0.0085000000000008,0.0075799999999997,0.0100900000000003,0.0111200000000006,0.0109599999999995,0.0053500000000003,0.0092599999999998,0.0085199999999994,-0.0019500000000009,0.0092400000000005
LYS  51,0.0483599999999979,0.0814600000000008,0.0447199999999998,0.0548600000000009,0.0536899999999999,0.0383699999999999,0.0467699999999994,0.0677700000000004,0.0880900000000005,0.0671400000000008
VAL  52,0.0103300000000002,0.01613,0.0096699999999986,0.0102300000000003,0.0113999999999999,0.0118000000000003,0.0096999999999997,0.0124000000000003,0.013170000000001,0.0170599999999993
ARG  53,0.0917100000000007,0.0929500000000001,0.0528700000000003,0.0711499999999986,0.0605200000000041,0.0643800000000033,0.045359999999998,0.0693900000000007,0.0657799999999986,0.0616799999999972
VAL  54,-0.0002999999999995,-0.0011000000000003,-0.0013300000000003,-0.0004200000000009,-0.000100000000001,6.000000000055295e-05,-2.999999999980574e-05,-0.0004400000000012,-0.0006500000000002,-0.0010799999999992
GLY  55,0.0023099999999987,0.0035599999999995,0.0030099999999989,0.0025900000000001,0.0025899999999994,0.0023199999999996,0.0018000000000007,0.0024600000000002,0.0025000000000002,0.0020600000000004
ASP  56,0.0186599999999996,0.0153800000000002,0.0105300000000006,0.0327099999999989,0.0296399999999997,0.0124900000000003,0.0007400000000014,0.0096700000000009,0.0065199999999996,0.0082599999999986
ARG  57,0.0194599999999968,0.021199999999998,0.0175099999999966,0.0226699999999976,0.0207299999999992,0.0187999999999991,0.0162499999999988,0.0161499999999992,0.0182699999999965,0.0198699999999993
ASN  58,0.0091699999999985,0.0116800000000016,0.0250199999999999,0.0125899999999998,0.0168800000000003,0.0231900000000004,0.0090199999999984,0.0124300000000015,0.0202300000000003,0.0208400000000008
THR  59,0.0322699999999995,0.0537622639999998,0.0483492799999998,0.0221499999999998,0.0271912399999997,0.0411021919999995,0.0259700000000004,0.0343799999999996,0.0578199999999997,0.0363500000000001
GLU  60,0.026790000000002,0.053390000000001,0.0382899999999987,0.0308800000000005,0.0488500000000001,0.051860744000001,0.0328899999999993,0.039789999999999,0.0628200000000006,0.0645299999999984
GLN  61,0.00694,0.0092199999999987,0.0117299999999992,0.0072199999999995,0.0087599999999997,0.0092900000000003,0.0051800000000004,0.0077500000000007,0.01078,0.0094800000000005
GLU  62,-0.006570000000001,-0.0022999999999996,0.0087299999999979,0.0056099999999999,-0.0006800000000001,-0.0002300000000005,-0.00551,-0.0005200000000003,-0.0007400000000004,0.0059599999999991
GLU  63,-0.0084099999999993,-0.0075499999999993,-0.0076600000000017,-0.0092599999999994,-0.009719999999999,-0.0071399999999999,-0.0061899999999986,-0.0074799999999995,-0.0081900000000009,-0.008380000000001
GLY  64,-0.0001300000000004,0.0008199999999997,0.0010299999999996,0.0006500000000022,0.0004400000000017,0.0009700000000003,0.0004300000000001,0.0004800000000006,0.0011000000000002,0.0013999999999989
GLY  65,0.0008899999999998,0.0017999999999993,0.0015099999999995,0.0017100000000007,0.0011299999999994,0.00127,0.0009599999999996,0.0013699999999989,0.0016499999999992,0.0015300000000002
GLU  66,0.0086399999999994,-0.0046000000000012,0.0017899999999989,0.0021499999999992,-0.0028499999999999,-0.0036799999999998,-0.0054599999999999,0.0004799999999998,-0.0036799999999995,-0.0005800000000006
ALA  67,-0.0005499999999986,-0.0001800000000001,-0.0002400000000003,-0.0006099999999991,-0.0005099999999992,-0.0009599999999991,-0.0001199999999992,0.0004100000000001,0.0004599999999977,0.0013300000000006
VAL  68,0.0046400000000003,0.0064699999999988,0.00471,0.0045899999999995,0.0049699999999995,0.00494,0.0052700000000003,0.005920000000001,0.0072500000000002,0.0075200000000002
HIE  69,0.001380000000001,0.0005599999999993,0.0016799999999998,0.0018700000000002,0.0032199999999987,0.0011499999999995,0.0004899999999989,0.003709999999998,0.0011699999999989,0.0018200000000005
GLU  70,0.0048399999999998,0.0169099999999996,0.0147000000000004,0.0222700000000011,0.0206600000000005,0.0081799999999989,0.0034799999999993,0.0269699999999983,0.0224999999999993,0.028100000000001
VAL  71,0.00248,0.0024900000000006,0.0021900000000002,0.0026699999999996,0.0034999999999989,0.0026099999999996,0.0015599999999995,0.0053299999999996,0.00449,0.0050800000000007
GLU  72,-0.001199999999999,0.0042200000000011,0.0012100000000008,0.0022599999999979,0.0020899999999995,0.0003699999999982,-0.0035500000000016,0.0088500000000016,0.0068499999999992,0.0061700000000002
VAL  73,0.0039899999999996,0.0067099999999998,0.0034800000000002,0.0039800000000008,0.0056000000000005,0.0039899999999993,0.0030700000000001,0.0089599999999995,0.0076899999999998,0.0072299999999998
VAL  74,0.0085500000000001,0.0090599999999996,0.0077299999999998,0.0082600000000002,0.0092700000000002,0.0088700000000001,0.0068600000000003,0.0153399999999997,0.0120400000000001,0.0114699999999996
ILE  75,0.0006499999999999,0.0016799999999998,0.0002100000000012,0.0008600000000001,0.0011400000000014,0.0004899999999995,0.0004999999999985,0.0020199999999981,0.0019200000000007,0.001519999999999
LYS  76,0.0662800000000002,0.1632599999999991,0.0679899999999981,0.0734800000000014,0.0758199999999993,0.0663699999999986,0.0650799999999996,0.1992799999999986,0.2016000000000009,0.1630300000000004
HIE  77,0.0088399999999996,0.0090199999999997,0.0080000000000004,0.0092299999999996,0.0108100000000005,0.0084399999999996,0.0062300000000001,0.0147399999999996,0.0119000000000002,0.0106300000000002
ASN  78,0.0082699999999999,0.0075000000000007,0.0124600000000013,0.0132199999999976,0.0100599999999992,0.0089900000000002,0.0105500000000007,0.0205099999999987,0.0151899999999994,0.0122000000000012
ARG  79,0.0166999999999961,0.0134999999999985,0.0137100000000009,0.0146900000000013,0.0189700000000016,0.0157299999999992,0.0099199999999973,0.0271700000000043,0.0110799999999997,0.0095000000000018
PHE  80,-0.0028191519999993,0.0064764639999996,-0.0197841839999999,-0.0438268319999997,-0.0079425039999991,0.0005909199999998,-0.0021400000000007,-0.0791476239999998,-0.0155491519999996,-0.0041178240000004
THR  81,0.0396200000000001,0.0718399999999998,0.0412100000000001,0.0470300000000004,0.06071,0.0603800000000001,0.0488900000000003,0.1220499999999998,0.0511199999999999,0.0486299999999994
LYS  82,0.2893696399999983,0.2383884319999994,0.2600043759999986,0.4484061039999995,0.3151823120000007,0.3749323920000013,0.441939056000001,0.2554932320000003,0.2906972879999997,0.3733431120000006
GLU  83,0.2982752320000001,0.2129354640000009,0.3043048239999973,0.3675989120000003,0.3753840640000015,0.2686525040000008,0.3548843439999999,0.3577756960000003,0.2889133520000005,0.2476876160000031
THR  84,-0.0211582800000005,0.0672218639999997,-0.0765257600000004,-0.0971998160000006,0.0371578959999994,0.0628621200000005,-0.0011799999999999,-0.1783437120000003,-0.0113000000000002,-0.0007500000000014
TYR  85,-0.705257536,-0.4460479760000007,-1.28713836,-1.9069155839999992,-1.962433760000001,-1.3766615839999994,-0.4698503840000013,-1.5842313439999998,-0.4662135759999997,-0.3254795199999999
ASP  86,0.1463699999999997,0.076569999999999,0.1024399999999992,0.0987799999999998,0.1487000000000012,0.11012,0.0686800000000031,0.1282599999999997,0.076769999999999,0.0743099999999988
PHE  87,0.0235900000000002,0.0200799999999995,0.01092,0.0112799999999997,0.0211100000000003,0.01873,0.0136099999999999,0.0254900000000005,0.0190499999999997,0.0155500000000003
ASP  88,0.4183570799999996,0.7393054479999982,0.4728449599999995,0.4254692400000019,0.9231557999999996,0.6483754160000005,0.3675957920000005,0.5522005600000017,0.3471997919999989,0.2583900000000018
ILE  89,0.0192700000000007,0.0258199999999995,0.0146100000000001,0.0168300000000005,0.0236700000000002,0.01883,0.0128699999999999,0.0257400000000005,0.02632,0.0323399999999996
ALA  90,-0.0067,-0.0075899999999991,-0.0037000000000001,-0.0037300000000001,-0.0046499999999994,-0.0052099999999997,-0.0043700000000001,-0.0108699999999996,-0.00642,-0.0054900000000004
VAL  91,0.0019300000000003,0.0017799999999995,0.0024499999999998,0.00259,0.0021299999999999,0.0027499999999996,0.0016699999999995,0.0022200000000011,0.0021499999999999,0.00328
LEU  92,-0.0059299999999993,-0.0095200000000004,-0.00517,-0.0064699999999999,-0.006630000000001,-0.0058099999999994,-0.005280000000001,-0.0101300000000002,-0.01084,-0.0090400000000004
ARG  93,0.0019199999999997,0.0021699999999967,0.0003999999999982,-0.0001100000000025,0.0002300000000005,0.0011599999999995,0.0021600000000015,0.0007900000000029,0.0020299999999977,7.999999999896091e-05
LEU  94,-0.0006499999999999,-0.0001799999999997,-0.0007500000000006,-0.0006999999999991,-0.0006700000000003,-0.0011200000000019,-0.0008199999999995,-0.0005300000000003,0.00015,-0.0002999999999997
LYS  95,0.0050199999999992,0.0132499999999989,0.0017899999999995,0.0023900000000009,0.003620000000001,0.0022200000000003,0.0063300000000014,0.0064399999999994,0.0110099999999997,0.0044299999999996
THR  96,-5.999999999977135e-05,0.0006999999999994,0.0001599999999995,-1.9999999999136265e-05,-0.00011,-0.0002099999999994,-0.00018,0.0008299999999995,0.0007299999999999,0.0008000000000006
PRO  97,-0.0004100000000017,-0.0006399999999986,-0.0003399999999997,-0.0004699999999997,-0.000319999999999,-0.0004700000000005,-0.0004599999999997,-0.000469999999999,-0.0005799999999995,-0.000500000000001
ILE  98,-0.0004000000000002,-0.0008799999999979,-0.00058,-0.0006700000000002,-0.0007499999999984,-0.0004400000000004,-0.0004099999999995,-0.00074,-0.0008099999999999,-0.0007400000000001
THR  99,-0.0003899999999999,-0.0004600000000003,-0.0005499999999998,-0.0004099999999996,-0.0007199999999997,-0.0005599999999999,-0.0003499999999996,-0.0003300000000002,-0.0005500000000004,-0.0004700000000001
PHE 100,-0.0006800000000001,-0.0007800000000001,-0.00053,-0.0005399999999996,-0.0003900000000006,-0.0007199999999991,-0.0005699999999998,-0.0009499999999996,-0.0007099999999985,-0.0007500000000014
ARG 101,0.0045899999999997,0.005389999999999,0.003620000000001,0.0041999999999973,0.0050000000000005,0.0046000000000009,0.0037699999999998,0.0042999999999986,0.0048299999999989,0.00459
MET 102,-8.00000000010037e-05,0.0004399999999998,0.000250000000001,-0.0002199999999988,-0.0003400000000008,-0.0003100000000011,0.00029,0.0006000000000009,0.0005600000000003,0.0006899999999986
ASN 103,0.0038499999999996,0.0054499999999984,0.0039399999999994,0.0043899999999999,0.0045799999999985,0.0035899999999985,0.0036699999999986,0.0050900000000008,0.0049299999999988,0.0053200000000001
VAL 104,0.0019299999999998,0.0022100000000004,0.0009300000000006,0.0009800000000002,0.0011,0.0013600000000002,0.0016200000000006,0.0025200000000007,0.0025600000000012,0.0023399999999996
ALA 105,0.0001499999999992,0.0005999999999996,0.0002599999999985,0.0003100000000001,0.0006199999999999,0.0003899999999993,0.0005500000000004,0.0005999999999984,0.0008399999999991,0.0005400000000008
PRO 106,0.001080000000001,0.0015499999999996,0.0008099999999995,0.0007300000000001,0.00189,0.0011500000000005,0.0008100000000001,0.0010900000000005,0.0008399999999987,0.0008900000000008
ALA 107,0.0015500000000006,0.0017099999999996,0.0011300000000007,0.0017099999999996,0.0017299999999997,0.0015599999999996,0.0012400000000001,0.0021799999999987,0.0017299999999994,0.0017499999999997
CYS 108,-0.0007199999999993,-0.0010399999999999,-0.0007699999999996,-0.0008899999999993,-0.0016600000000006,-0.0009399999999989,-0.0009500000000002,-0.0009599999999999,-0.001170000000001,-0.000640000000001
LEU 109,0.0002700000000008,-0.0002299999999996,9.99999999955925e-06,-0.0001499999999981,-0.0003500000000003,-0.0001899999999997,-8.999999999918628e-05,-3.000000000094261e-05,-0.0001899999999995,-0.0002600000000007
PRO 110,-0.0014000000000007,-0.0012499999999997,-0.0011299999999997,-0.0011899999999996,-0.0012100000000002,-0.0011899999999994,-0.0010800000000012,-0.0013700000000002,-0.0012600000000009,-0.0014199999999999
GLU 111,-0.0039099999999996,-0.00401,-0.0033600000000001,-0.0040199999999988,-0.0039200000000005,-0.0035900000000016,-0.00368,-0.0044499999999994,-0.0044399999999996,-0.0039600000000015
ARG 112,0.003440000000001,0.0046200000000001,0.0022399999999976,0.0043200000000021,0.0051399999999998,0.0042000000000004,0.003940000000002,0.0052400000000025,0.0065500000000002,0.005159999999999
ASP 113,-0.0027699999999988,-0.0039699999999986,-0.0025499999999992,-0.0044900000000001,-0.0042399999999963,-0.0037399999999998,-0.0036600000000019,-0.0048599999999995,-0.0047400000000006,-0.0045099999999993
TRP 114,-0.0010000000000002,-0.0007800000000009,-0.0005799999999992,-0.0006799999999994,-0.0007299999999985,-0.0007300000000008,-0.0005900000000001,-0.0005499999999987,-0.0007499999999997,-0.00064
ALA 115,-1.99999999994982e-05,0.0004599999999997,-4.000000000111248e-05,1.0000000000527364e-05,0.0003800000000005,0.0002399999999997,0.0001399999999996,0.00024,0.0002699999999992,0.0003300000000005
GLU 116,-0.0044999999999993,-0.0041800000000004,-0.0045499999999992,-0.0066499999999989,-0.0043499999999994,-0.0039899999999988,-0.0039199999999999,-0.0044500000000008,-0.0049499999999994,-0.0034000000000002
SER 117,-0.0003399999999991,-0.0001700000000007,-0.0002199999999995,-6.000000000035754e-05,-0.0003000000000003,-0.0003400000000003,-4.000000000046633e-05,-0.0001399999999997,-4.999999999998117e-05,-3.000000000061398e-05
THR 118,0.0016999999999996,0.0006799999999997,-2.000000000034419e-05,0.0004900000000004,0.0007299999999997,-0.0001599999999999,0.0002700000000001,0.0007199999999997,0.0003900000000002,0.0007700000000005
LEU 119,-2.000000000045077e-05,0.0021200000000012,0.0001700000000002,0.0012100000000006,0.0019399999999998,0.0011499999999991,0.0014900000000004,0.0022100000000001,0.0017999999999991,0.0017100000000005
MET 120,-9.999999998786536e-06,-0.0004999999999999,-0.0004499999999995,-0.0008999999999997,-0.0003500000000012,-0.0002600000000013,-0.0005700000000012,-0.0007900000000004,-0.0005299999999993,-0.00024
THR 121,0.00124,0.0003200000000002,0.0001600000000003,5.000000000027427e-05,0.0002299999999995,0.00046,5.999999999961148e-05,0.0002199999999996,0.0002099999999994,0.0001299999999996
GLN 122,0.0028400000000016,0.0029700000000007,0.00197,0.0018500000000003,0.0027300000000006,0.0022800000000007,0.0022099999999992,0.0024000000000008,0.0023800000000013,0.0022100000000006
LYS 123,0.0120799999999988,0.0114100000000004,0.0105099999999997,0.0123799999999992,0.01204,0.0104400000000003,0.0094600000000006,0.01179,0.0119100000000016,0.0114099999999989
THR 124,0.0113199999999995,0.0121899999999999,0.0100500000000002,0.01223,0.0128700000000005,0.0112100000000003,0.0106199999999997,0.0122800000000006,0.0122600000000009,0.0120099999999994
GLY 125,0.0061300000000005,0.0071300000000009,0.0055600000000007,0.0065699999999997,0.0064000000000006,0.0055600000000013,0.0055900000000009,0.00783,0.0066,0.0069400000000002
ILE 126,0.0197000000000002,0.0231800000000001,0.0185800000000005,0.0194399999999988,0.0209199999999992,0.0189499999999991,0.0191300000000007,0.0215700000000003,0.0197500000000013,0.0199200000000005
VAL 127,0.01381,0.0150700000000016,0.0154099999999999,0.0145499999999995,0.0174499999999995,0.0182599999999998,0.013530000000001,0.0129800000000001,0.0144099999999993,0.0128900000000001
SER 128,0.0936700000000001,0.0996499999999997,0.0871799999999998,0.0808500000000002,0.0897300000000001,0.0843999999999999,0.0810200000000001,0.0962199999999993,0.0867999999999998,0.0935399999999995
GLY 129,0.0886800000000011,0.1023200000000004,0.0911599999999997,0.0936999999999997,0.0941700000000003,0.0864199999999992,0.0827600000000001,0.0943400000000001,0.0968099999999991,0.0997600000000006
PHE 130,-0.0099028479999997,-0.0324381360000012,0.0223493279999997,0.0184524800000012,-0.0033899999999991,0.005383839999999,0.0223112480000002,0.006096768000001,0.0207999999999982,-0.0136418799999981
GLY 131,0.0326117760000009,-0.0522090879999991,0.0657067759999999,0.0706491760000003,0.0721801839999997,-0.0308486799999999,0.0147904959999998,0.0228239359999996,0.0517084880000001,-0.006247031999998
ARG 132,0.5524825520000033,0.0334708959999997,0.1574301919999945,0.0983349439999966,0.7923454080000016,0.5748355599999999,-4.189888111999999,0.0478870880000002,0.5489337200000005,-0.0601876960000018
THR 133,0.0621899999999997,0.0569700000000002,0.0550800000000002,0.0522100000000002,0.0412599999999999,0.06338,0.0597700000000001,0.0423899999999994,0.0490400000000001,0.04305
HIE 134,0.0544299999999998,0.0645799999999995,0.0488500000000013,0.08981,0.0449200000000012,0.0428900000000004,0.0452200000000022,0.0270800000000006,0.0310300000000007,0.0641299999999993
GLU 135,0.6957390879999992,0.6108742400000005,0.5042907439999976,0.369071568000001,0.5356597200000011,0.5847494319999998,0.5673632720000021,0.4752865279999994,0.423627032000001,0.4371805439999992
LYS 136,-4.360516351999998,-4.055665360000001,-0.905494983999999,0.1807032239999985,-0.298858848,-1.3694945520000028,-1.8097503759999989,-0.9916155039999992,-0.5796793440000009,-0.9165046479999992
GLY 137,0.0219458959999985,0.0636281279999991,-0.0477123119999989,-0.0749787200000001,0.0775715280000002,-0.0209806239999993,-0.0057218799999997,0.0512569359999997,0.0805719600000008,0.0227934800000002
ARG 138,0.1168801039999996,0.0549726720000023,0.1584198879999976,0.0868290400000035,0.0863590959999996,0.1337724880000004,0.0386607039999989,0.0688295999999954,0.1084512479999997,0.0686834400000012
GLN 139,-0.4531257280000016,-0.7313326799999993,-0.6526910239999999,-0.6551044079999998,-0.7102688720000003,-0.6238602319999986,-0.3939600000000022,-0.6760720479999998,-0.6141129439999982,-0.7288229040000015
SER 140,0.0418175679999996,0.0222300000000001,0.0597899999999985,0.0535800000000012,0.0623,0.0611816879999986,0.0506370959999993,0.0377008479999998,0.0665799999999989,0.0669900000000003
THR 141,0.0144299999999991,0.0182499999999999,0.0147199999999999,0.0086699999999993,0.0163799999999998,0.0150200000000004,0.0190353760000004,0.0191000000000005,0.0203099999999996,0.0123200000000004
ARG 142,0.0426000000000027,0.0535899999999975,0.0364100000000004,0.0428699999999994,0.0304600000000027,0.0328899999999998,0.04192,0.0431000000000017,0.0389699999999982,0.0375899999999984
LEU 143,0.028790000000001,0.02644,0.0268399999999996,0.030230000000001,0.0286500000000004,0.0284700000000006,0.0256700000000002,0.0281400000000008,0.0272499999999999,0.0283299999999987
LYS 144,0.1657300000000004,0.11914,0.1137999999999993,0.1080499999999993,0.1061700000000004,0.0842899999999997,0.1367899999999996,0.1098299999999995,0.1084800000000001,0.0990000000000013
MET 145,0.0153499999999986,0.0196400000000003,0.0157400000000005,0.0152600000000008,0.0184200000000006,0.0150200000000006,0.0185000000000001,0.0187300000000008,0.0158900000000003,0.0161499999999997
LEU 146,-0.0244800000000007,-0.0293100000000006,-0.0264400000000001,-0.02775,-0.0304700000000003,-0.0283600000000001,-0.0280300000000001,-0.0298,-0.0245899999999994,-0.0264100000000001
GLU 147,-0.0090499999999984,-0.0072899999999987,-0.0095400000000013,-0.0110699999999997,-0.0103700000000007,-0.0094600000000002,-0.0059299999999985,-0.0093900000000006,-0.0092899999999993,-0.009800000000001
VAL 148,0.0109099999999998,0.0113900000000006,0.0074400000000002,0.0103300000000001,0.0113600000000008,0.0106400000000002,0.0105700000000005,0.0140399999999995,0.0118299999999995,0.0100300000000004
PRO 149,-0.0224899999999996,-0.0255600000000001,-0.0203099999999996,-0.0246599999999989,-0.0248699999999998,-0.0212899999999994,-0.0222000000000004,-0.0252500000000004,-0.02456,-0.023049999999999
TYR 150,0.0077199999999999,0.0065199999999976,0.0073600000000007,0.0064699999999994,0.0077800000000016,0.0097999999999987,0.0073899999999992,0.0057899999999995,0.00719,0.0075600000000006
VAL 151,0.0055800000000003,0.0058699999999995,0.0060300000000004,0.0048300000000002,0.0069,0.0060000000000002,0.0053499999999995,0.0049499999999997,0.0060000000000007,0.0058799999999998
ASP 152,-0.0087899999999996,-0.0088199999999978,-0.0093099999999996,-0.0114900000000006,-0.0079699999999987,-0.0067399999999986,-0.0071100000000019,-0.0108500000000017,-0.0104499999999989,-0.0093299999999976
ARG 153,0.0297200000000009,0.0315500000000008,0.030639999999997,0.0299899999999971,0.0443000000000003,0.0383499999999992,0.0328499999999971,0.0334499999999977,0.0417599999999993,0.0443799999999978
ASN 154,0.0044300000000008,0.0042100000000003,0.0040499999999987,0.0043399999999982,0.0051399999999999,0.0066999999999998,0.0040100000000009,0.0038900000000003,0.0042199999999999,0.0054699999999999
SER 155,0.0130599999999987,0.0133799999999996,0.0135899999999999,0.0133300000000001,0.0147100000000006,0.0148000000000006,0.0146799999999993,0.0138100000000006,0.0133999999999991,0.0157799999999998
CYX 156,0.0179300000000008,0.0130300000000018,0.0108800000000006,0.0114400000000006,0.0123100000000005,0.0149399999999988,0.0131999999999983,0.0119499999999996,0.0121400000000002,0.011629999999999
LYS 157,0.03649,0.0271199999999997,0.0289299999999996,0.0325300000000014,0.0311000000000002,0.0383800000000002,0.0258200000000012,0.0356899999999983,0.0335700000000003,0.0328799999999996
LEU 158,0.0129199999999997,0.0108800000000002,0.0139099999999988,0.0129599999999995,0.0125400000000003,0.01647,0.0140599999999995,0.0099999999999987,0.0116399999999999,0.0129700000000006
SER 159,0.0397900000000012,0.030720000000001,0.0303200000000009,0.0352100000000014,0.0291900000000007,0.0464900000000003,0.0269099999999994,0.0262499999999996,0.0349799999999995,0.0350700000000005
SER 160,0.0405800000000002,0.0416520800000001,0.0589300000000004,0.0413641920000004,0.0536029120000009,0.0533504879999996,0.062940199999999,0.0322986479999998,0.0467268880000003,0.0608201359999991
SER 161,0.0967735999999994,0.0736100799999992,0.084109696000001,0.0800705760000006,0.0833341199999994,0.1268015999999996,0.0989661040000007,0.0753699999999996,0.0817264319999996,0.1083036799999998
ILE 162,-1.1035532240000006,-0.610469904,-0.734493584,-0.8201165600000002,-0.996213024000001,-1.2642889120000005,-0.4545309600000001,-0.7552665119999996,-0.8692654559999989,-1.0269129279999996
ILE 163,0.043089999999999,0.0328700000000005,0.0179200000000009,0.0279499999999989,0.046461768,0.0444700000000002,0.02083,0.0413099999999997,0.0410100000000002,0.0394899999999995
ILE 164,-0.0130899999999986,-0.0116699999999997,-0.0072700000000003,-0.0056399999999999,-0.0219299999999992,-0.0129599999999995,-0.0076099999999992,-0.0178599999999995,-0.0132300000000013,-0.0177599999999989
THR 165,0.0118500000000003,0.0067899999999998,0.0160099999999995,0.0179699999999998,0.00838,0.01134,0.0047600000000002,0.0079900000000001,-0.0009399999999999,-0.0035900000000001
GLN 166,0.0154600000000008,0.0150600000000002,0.0118599999999995,0.0107500000000003,0.01638,0.0144899999999996,0.0096399999999999,0.0183600000000007,0.0140299999999997,0.0160900000000002
ASN 167,0.0206400000000003,0.0165400000000009,0.0196900000000003,0.0155600000000004,0.0266899999999998,0.0197599999999999,0.0150599999999998,0.0205599999999999,0.0205800000000003,0.0222799999999985
MET 168,0.0104,-0.0185900000000004,0.0075399999999997,0.0088200000000002,-0.0224924320000016,0.0026299999999993,0.005369999999999,-0.0030399999999998,-0.0018299999999995,-0.0187099999999999
PHE 169,-0.027369999999999,-0.0340799999999996,-0.0198499999999983,-0.0220899999999995,-0.0293,-0.02384,-0.02119,-0.0339899999999997,-0.0258800000000001,-0.0223199999999985
CYX 170,0.0630199999999983,0.0630500000000005,0.0570899999999997,0.0598700000000002,0.0608099999999986,0.0479199999999999,0.0570099999999999,0.0723999999999999,0.0571299999999997,0.0580800000000006
ALA 171,-0.0050999999999983,-0.0150099999999993,0.0005499999999985,-0.0092200000000001,-0.0174900000000022,-0.0021600000000003,-0.0004000000000007,-0.0284800000000007,0.0001300000000002,-0.0071300000000015
GLY 172,0.0161000000000002,0.0152999999999989,0.0180799999999995,0.0183800000000006,0.0132499999999999,0.0189600000000008,0.0181199999999999,0.0178300000000004,0.0166000000000001,0.0172500000000011
TYR 173,0.0024199999999998,0.0011100000000005,0.00209,-0.0016000000000012,-0.00214,0.0033499999999996,0.0042400000000002,-0.0016299999999998,-0.0002199999999997,0.0015899999999994
ASP 174,0.0060999999999997,-0.0007099999999977,-0.0004000000000014,-0.0040000000000002,-0.0011099999999996,0.0026400000000001,0.01316,-0.0052899999999987,-0.0015800000000012,-0.0017500000000023
THR 175,0.0171400000000003,0.0169500000000004,0.0180299999999998,0.0180100000000003,0.0143000000000002,0.0152200000000001,0.0226899999999999,0.0158299999999996,0.0170399999999997,0.0144100000000005
LYS 176,0.0521999999999995,0.0473399999999989,0.0514100000000008,0.0549799999999994,0.0538700000000006,0.0492600000000006,0.0515699999999994,0.0491299999999993,0.0510200000000017,0.0532600000000005
GLN 177,0.1106499999999999,0.0878499999999989,0.0903099999999997,0.0865000000000004,0.0846600000000007,0.0925200000000005,0.1106199999999998,0.0944300000000006,0.0857300000000006,0.0890599999999986
GLU 178,0.1047900000000001,0.1038300000000002,0.0890800000000027,0.0912900000000001,0.0970699999999985,0.0946100000000003,0.1055900000000011,0.0999500000000011,0.0944300000000019,0.0970900000000016
ASP 179,-6.485410343999998,-6.400683264,-6.307170623999997,-6.326478008000004,-6.590951976000003,-6.177791464,-6.306883543999996,-6.960828872,-5.939386223999999,-6.124831767999998
ALA 180,-0.2185773759999996,-0.0484368399999984,-0.247393496000001,-0.0978280880000003,-0.0318571600000003,-0.1316844719999997,-0.3540031119999993,0.0325972000000011,-0.2343433680000006,-0.1792250320000002
CYX 181,-0.7707448959999996,-0.8337586959999997,-0.7801385760000007,-0.7694769279999999,-0.7777191760000006,-0.8050220799999999,-0.6424683439999995,-0.7952688480000002,-0.701519071999999,-0.6788786480000009
GLN 182,-6.458200928,-6.118992479999999,-5.40186432,-5.119401536000001,-5.666549311999997,-6.135777896000003,-5.4602711840000016,-5.205366088000001,-5.455678391999999,-4.814902783999999
GLY 183,-2.207549304,-1.7562392799999995,-1.874299736,-1.7587352960000002,-1.8198170719999995,-1.967608432,-1.9160676559999976,-1.817268904,-1.7731040480000018,-1.649605256
ASP 184,-1.657904296,-1.6518310879999984,-1.4260150320000002,-1.5791881280000006,-1.7184898320000008,-1.457963928,-1.5688473839999997,-1.7762884000000023,-1.69128688,-1.6795283520000006
SER 185,-1.0572866640000012,-1.6992781280000009,-1.528671664,-1.663746815999999,-1.4126931440000008,-1.5815992879999996,-1.7433422400000007,-1.560472160000002,-1.5475164960000012,-1.3673255600000005
GLY 186,-0.0400300000000014,-0.0499500000000001,-0.0301999999999992,-0.0284499999999998,-0.0540400000000005,-0.040569999999999,-0.0464499999999993,-0.0556900000000004,-0.0370700000000002,-0.0408599999999986
GLY 187,-0.00729,0.0162199999999986,-0.001690000000001,-0.01258,-0.0176799999999996,-0.0068199999999995,-0.0151299999999996,-0.0189699999999988,-0.0275999999999992,-0.0223700000000003
PRO 188,-0.0225699999999991,-0.0185400000000002,-0.0209400000000009,-0.0178700000000005,-0.0207500000000002,-0.0221299999999993,-0.0147800000000012,-0.0189899999999995,-0.0124599999999995,-0.0216100000000002
HIE 189,-0.0183300000000004,-0.0162399999999981,-0.0157700000000002,-0.0124299999999997,-0.0238899999999999,-0.019090000000001,-0.0171900000000009,-0.0186600000000006,-0.0142299999999997,-0.0163300000000008
VAL 190,-0.0063600000000002,-0.0070500000000005,-0.00652,-0.0064200000000008,-0.00733,-0.0064600000000004,-0.0063900000000002,-0.0073299999999983,-0.0065599999999993,-0.00682
THR 191,-0.0010899999999996,-0.0005599999999996,-0.0005100000000001,-0.0007900000000006,-5.000000000038085e-05,0.0009500000000003,-0.0005000000000004,-0.0012499999999997,-0.0010799999999993,-0.0009199999999999
ARG 192,0.0043600000000009,0.0054699999999988,0.0054399999999998,0.0087500000000017,0.0083399999999983,0.0077399999999988,0.0044299999999984,0.0089899999999943,0.0055499999999992,0.0069799999999997
PHE 193,-0.0010599999999994,-0.0008199999999995,-0.0007500000000002,-0.0006700000000003,-0.0007900000000005,-0.0009799999999987,-0.0008299999999987,-0.0009000000000011,-0.0007999999999997,-0.0008099999999991
LYS 194,0.0021700000000005,0.0020900000000002,0.0018999999999996,0.00216,0.0020799999999997,0.0020699999999983,0.0016600000000011,0.0022399999999992,0.0021100000000007,0.0021999999999997
ASP 195,-0.00325,-0.0035000000000022,-0.003169999999999,-0.0036099999999999,-0.0035500000000008,-0.0031100000000013,-0.00285,-0.0036800000000008,-0.003719999999998,-0.0036999999999996
THR 196,0.0002000000000004,0.0003700000000003,0.0003300000000001,0.0002300000000003,0.0003899999999996,0.0002800000000004,0.0002700000000001,0.0004699999999998,0.0005099999999999,0.0001499999999997
TYR 197,0.0026600000000001,0.0029900000000004,0.0022799999999995,0.002809999999999,0.0027400000000004,0.001990000000001,0.00251,0.002809999999999,0.0030000000000004,0.00272
PHE 198,0.0008600000000002,0.0005400000000007,0.0003299999999989,0.0005100000000016,0.0006700000000006,0.0006300000000003,0.0008099999999995,0.0010899999999995,0.0007599999999996,0.0011700000000008
VAL 199,0.0119999999999999,0.0136199999999995,0.0104499999999997,0.0101599999999992,0.0138600000000001,0.0111300000000002,0.0099599999999995,0.0143499999999998,0.0125600000000004,0.0124099999999999
THR 200,0.0180000000000006,0.02337,0.0156399999999992,0.0159499999999999,0.0217999999999993,0.0182700000000001,0.0157299999999999,0.0230899999999999,0.0194799999999997,0.0188699999999997
GLY 201,0.0497200000000012,0.0598099999999997,0.0413000000000005,0.0394399999999996,0.0507899999999993,0.0438900000000005,0.0405499999999999,0.0549099999999992,0.0433300000000004,0.0434100000000002
ILE 202,0.0445800000000007,0.0809800000000003,0.0336999999999995,0.0373299999999989,0.0437099999999991,0.0311499999999984,0.0387799999999997,0.0479899999999999,0.0348499999999997,0.0394799999999998
VAL 203,-0.3443620560000003,-0.7992089120000003,-0.2868276000000002,-0.3620585840000001,-0.3613458000000001,-0.2240190240000006,-0.3118520479999991,-0.4122399279999993,-0.3745527919999995,-0.2146625040000009
SER 204,-0.6215457759999996,-1.941813368,-0.2578543039999996,-0.2965114079999999,-1.1713300559999995,-0.2585393360000002,-0.3047898880000002,-1.452378832,-0.8703161760000003,-1.6145472239999992
TRP 205,-3.709730928000001,-3.6825842879999993,-2.4440971839999985,-1.7352689600000002,-4.040192664000002,-3.1127197760000005,-2.5091309360000005,-3.850198048000001,-3.0313090240000014,-3.381260504000001
GLY 206,-1.349072792,-1.1627630960000013,-2.063341855999999,-1.366228008000001,-1.449341672,-1.932828864000001,-2.5536887040000003,-1.0564421360000005,-1.9525988239999992,-2.144967176
GLU 207,-0.6106589600000006,-0.3338903279999996,-0.7829176799999992,-0.8777820720000002,-0.604488592000002,-0.7129117119999989,-1.253137399999998,-0.5363580799999993,-0.882283816,-0.9367476400000002
GLY 208,-2.4627401840000007,-2.427039088,-2.582195848,-2.4420886080000006,-2.3232793600000003,-2.377467871999999,-2.954629744,-2.5203240159999987,-2.27950208,-2.25765664
CYX 209,-0.3035711280000018,-0.3899969679999995,-0.1770885519999993,-0.3070913600000016,-0.2750786320000004,-0.2871722559999981,-0.225571208,-0.2953007280000009,-0.3063419599999994,-0.2258063599999994
ALA 210,0.0606450479999997,0.0386854479999989,0.110046296000001,0.1009531120000006,0.0781070000000009,0.0759723359999999,0.1166269760000017,0.0651023839999994,0.0854673599999994,0.1340175679999991
ARG 211,0.119933383999998,0.1407762240000013,0.2189143440000015,0.2851681280000014,0.2233057360000012,0.2321209839999983,0.5605121839999989,0.1975667519999999,0.2606202240000039,0.2688639120000038
LYS 212,0.0358700000000001,0.026240000000002,0.0387999999999998,0.0387799999999981,0.0334699999999998,0.0385199999999998,0.0432600000000007,0.0301399999999981,0.0324700000000009,0.0393899999999985
GLY 213,0.0391600000000009,0.0314000000000001,0.0345699999999996,0.0374200000000006,0.0353199999999981,0.039860000000001,0.0387400000000019,0.0326700000000005,0.03752,0.039400000000001
LYS 214,0.2856644799999989,0.2470076800000008,0.2828091520000009,0.2568636000000004,0.2543969279999999,0.3077122319999995,0.3753287199999991,0.2321339439999991,0.2718827200000009,0.2834146959999994
TYR 215,0.2783178240000006,0.2819066080000001,0.2758827200000005,0.2611575120000005,0.2627760160000009,0.2477797439999994,0.2518113519999986,0.3000455919999999,0.276262759999999,0.2777399039999981
GLY 216,0.2625006480000004,0.012024632,0.2299261040000003,0.1352691440000003,0.2923335279999995,0.1050422320000006,0.203608752,0.2827321039999997,0.1825777359999985,0.0751795520000003
ILE 217,-0.4227462959999997,-0.4833224160000003,-0.3318984959999999,-0.3785034959999989,-0.5187889920000004,-0.3435637679999995,-0.3236009680000012,-0.5825330880000009,-0.3978085999999988,-0.3678794399999992
TYR 218,-0.2589770080000003,-0.2773370479999998,-0.2049284720000001,-0.2157878719999993,-0.3378013599999985,-0.2074907359999988,-0.2072827280000009,-0.3468019520000006,-0.2215158559999986,-0.2137507199999995
THR 219,0.0295699999999999,0.0139299999999999,0.0379599999999997,0.0329600000000002,0.0446300000000002,0.0297699999999999,0.034369999999999,0.0177400000000003,-0.0017700000000007,-0.0147500000000004
LYS 220,0.0315199999999996,0.0344199999999997,0.0303200000000008,0.0310199999999995,0.0368399999999994,0.0329000000000009,0.0249699999999993,0.0371899999999981,0.036919999999999,0.0359499999999987
VAL 221,0.004789999999999,0.0062900000000003,0.0052999999999997,0.00617,0.0052900000000011,0.0030099999999993,0.0044499999999998,0.0071299999999996,0.0075599999999998,0.0095499999999994
THR 222,9.999999999728003e-06,0.0012999999999994,0.0006800000000002,-9.999999999763531e-06,0.0004999999999998,0.0008399999999999,-0.0003399999999996,0.0010700000000003,0.0012400000000002,0.0019899999999993
ALA 223,0.0042400000000007,0.0043400000000002,0.0033800000000002,0.0034400000000014,0.00448,0.003779999999999,0.0027999999999989,0.0051999999999987,0.0041600000000001,0.0035999999999994
PHE 224,1.9999999999926743e-05,-0.0002100000000007,-0.0003899999999992,-0.0004400000000002,0.0012999999999994,0.000630000000001,-0.0009300000000004,-0.0003199999999985,-0.001369999999998,-0.0028199999999985
LEU 225,-0.0006199999999992,-0.0005800000000002,-0.0009999999999996,-0.0008600000000005,-0.0002300000000008,-0.0007200000000003,-0.0009399999999998,-0.0007000000000003,-0.0010799999999997,-0.0008500000000013
LYS 226,0.0023900000000012,0.0020800000000006,0.0018599999999996,0.002019999999999,0.0021899999999997,0.0018199999999995,0.0019099999999998,0.0023500000000002,0.0023899999999995,0.0017300000000003
TRP 227,0.0019500000000015,0.0023900000000016,0.0020600000000026,0.0019500000000002,0.0025599999999982,0.0016600000000005,0.0009299999999996,0.0036299999999995,0.0026200000000004,0.0019799999999995
ILE 228,-0.0013300000000005,-0.0014400000000006,-0.0011999999999993,-0.0011700000000002,-0.0013100000000001,-0.0014800000000003,-0.0011800000000001,-0.0018199999999998,-0.0015500000000006,-0.0015099999999995
ASP 229,-0.0046900000000007,-0.004999999999998,-0.0038999999999974,-0.0037200000000004,-0.0046199999999998,-0.0040299999999982,-0.0039699999999997,-0.0047100000000035,-0.0046399999999979,-0.0038700000000008
ARG 230,0.0020500000000012,0.0017999999999997,0.0014499999999981,0.0014599999999973,0.0014599999999964,0.0012099999999992,0.0014800000000008,0.0017299999999997,0.0018900000000027,0.0008799999999953
SER 231,0.0034900000000006,0.0052400000000006,0.0034099999999987,0.003589999999999,0.0039899999999996,0.0035799999999998,0.00293,0.0070599999999987,0.0052899999999998,0.0042300000000016
MET 232,-0.0017799999999991,-0.00269,-0.001980000000001,-0.0017900000000006,-0.002300000000002,-0.0017900000000003,-0.0016199999999989,-0.0023699999999995,-0.0018499999999987,-0.001759999999999
LYS 233,-0.0014000000000004,-0.0012500000000025,-0.0011699999999989,-0.0011199999999993,-0.0010399999999999,-0.001439999999997,-0.0012399999999982,-0.0012500000000027,-0.0011600000000009,-0.0008300000000026
CYX 234,0.1247100000000007,0.1410399999999994,0.0794400000000004,0.0723299999999979,0.087270000000001,0.0968699999999995,0.1562099999999996,0.1192000000000001,0.0940700000000008,0.0888599999999996
PHE 235,0.0208400000000007,0.0166200000000003,0.0113900000000003,0.0087099999999994,0.0138399999999996,0.0143300000000018,0.0305699999999998,0.0200499999999998,0.0120699999999994,0.0117799999999993
LEU 236,0.0222999999999995,0.0290899999999997,0.0061599999999997,0.0053799999999997,0.016659999999999,0.0145100000000003,0.0458278079999993,0.0137000000000006,0.0080099999999994,0.0126099999999996
GLU 237,0.0846301840000009,0.1049289119999988,0.1405470080000009,0.1038986400000018,0.1354264560000004,0.1371283280000008,0.0271950000000015,0.1099546720000005,0.0998338480000004,0.0749009599999995
GLU 238,-2.05480364,-1.181585255999999,-0.1553121599999995,0.2639221039999993,0.0813317600000009,-0.563808456,-1.6895817920000002,0.0227396880000009,0.1066673439999995,0.0778316800000007
ASP 239,0.9146901599999984,0.770521776,0.9510703279999996,0.8146460400000008,0.8617421119999983,0.9500135680000013,0.0377684960000011,0.7868283839999995,0.8345372559999993,0.8159516239999997
PRO 240,-2.536975712,-1.8627049520000003,-1.4883948880000002,-0.9870036719999998,-0.976095896,-1.808130648,-3.215093296,-1.119021967999999,-1.6679066559999989,-1.1446303519999992
GLY 241,0.3290604799999998,0.3596254720000008,0.3570684399999995,0.2255924880000002,0.4682681520000005,0.4144848320000006,-0.3457280480000003,0.4495451040000015,0.3531126399999999,0.4093793519999982
ILE 242,-4.831521983999998,-4.632506575999996,-5.120602664000001,-4.786213024000002,-4.655606648,-4.757888887999998,-4.145360223999998,-5.303465279999999,-4.785163040000001,-5.150278536000002
CYX 243,-2.8663025840000014,-4.365523208000001,-1.2589173040000003,-1.3088104800000004,-2.672903912,-1.67136672,-0.5941651200000004,-3.100571519999999,-2.2281174239999992,-2.953871648
ARG 244,-13.693299663999994,-13.584900176,-13.43857284,-12.865147504,-13.968902015999998,-13.925960632000006,-13.733250616000005,-14.270835223999995,-14.652939503999992,-14.521795144
GLY 245,-3.949799448000001,-3.665973583999997,-4.035508023999999,-3.953976208,-3.3692097920000004,-4.556594648,-5.037236759999999,-3.026414168,-3.166574311999999,-3.42769596
TYR 246,-5.384249575999998,-6.422768863999997,-5.740064784000001,-5.921420624000001,-5.222927928000002,-6.257410231999997,-5.997423727999997,-6.132793207999999,-5.751109256000003,-5.8876545759999965
ILE 247,-2.306212392,-3.936836071999998,-2.3183526800000003,-2.534189904,-3.43864912,-2.7385475679999995,-2.517322104,-3.589493728,-3.351362927999996,-3.300257392000004
THR 248,0.0340182959999996,-0.5946840079999999,-0.0453465040000001,-0.1020666399999999,0.0439877440000004,0.0828597440000005,0.1919977679999991,-0.0565497680000001,-0.7368544559999997,-0.3995610560000006
ARG 249,0.3283107359999982,0.3005320159999982,0.4222965919999998,0.3456332159999982,-0.1694596479999992,0.2816045040000008,0.2878633679999993,0.1228125200000016,0.2917555600000014,0.0856043759999977
TYR 250,0.0163584880000008,-0.0405201280000003,0.0088143679999995,-0.0039195039999999,-0.0062261840000004,0.0067767199999994,0.020920000000001,0.0002835679999991,-0.075599912,-0.0385866560000014
PHE 251,-0.0166585760000003,-0.0011200000000003,0.0079008480000004,0.0132699999999988,0.0132462560000002,-0.0002547280000017,-0.0167616879999995,-0.0067699999999987,0.0090684239999985,-0.0010057919999977
TYR 252,-0.0065800000000003,-0.0009500000000004,-0.0042600000000006,-0.0033199999999994,-0.0020800000000011,-0.0037000000000008,0.0005099999999994,0.0133200000000014,-0.0042900000000003,-0.0019799999999993
ASN 253,0.0494321120000006,0.0431799999999979,0.0309799999999989,0.0288100000000007,0.0349398160000001,0.040569207999999,0.0464770720000001,0.0547499999999992,0.0310800000000018,0.0359747600000008
ASN 254,0.0528299999999997,0.0470199999999991,0.0332200000000015,0.0224300000000002,0.0246099999999995,0.0375400000000006,0.0453899999999995,0.0454900000000006,0.0340799999999994,0.0343799999999994
GLN 255,0.0773480479999987,0.0670899999999994,0.0520663599999994,0.0361199999999986,0.054870743999999,0.0599433520000009,0.0689983759999998,0.0600100000000001,0.0514699999999997,0.0580141360000009
THR 256,0.0064399999999997,0.0061600000000001,0.0048300000000004,0.0048599999999995,0.004689999999999,0.0057300000000004,0.0058699999999998,0.0085799999999997,0.0047500000000011,0.0049299999999998
LYS 257,0.06364,0.0528099999999994,0.0405800000000005,0.0340799999999989,0.04135,0.0448400000000005,0.0617699999999983,0.0493199999999993,0.0441400000000012,0.0471599999999992
GLN 258,0.0221500000000007,0.0260700000000001,0.01569,0.0151499999999997,0.0187899999999979,0.0176000000000006,0.0166400000000002,0.0251799999999987,0.0196900000000016,0.0201299999999993
CYX 259,0.01177,0.0193499999999988,0.0094699999999998,0.0092300000000007,0.0121399999999994,0.0102900000000002,0.0118500000000004,0.022070000000001,0.0140499999999989,0.01387
GLU 260,0.0714900000000012,0.0904399999999996,0.0466299999999987,0.0430600000000006,0.0515700000000008,0.0469399999999989,0.0400900000000002,0.0543899999999992,0.0599100000000022,0.0430600000000008
ARG 261,0.5734921360000018,0.4972695520000019,0.4842596959999986,0.4844703600000022,0.5067722960000008,0.5194173279999962,0.4325104880000029,0.5310152800000023,0.740312975999999,0.5543148959999965
PHE 262,-0.0324774639999996,0.0292175840000004,0.1060391999999977,0.1127551439999997,0.1274749519999991,0.1089981920000001,-0.0313460239999996,0.0399055359999989,0.0359283359999995,0.0705029120000011
LYS 263,0.4520662800000001,0.767199416000001,-0.3158301120000014,-0.218008263999998,0.7620070720000008,0.1432204320000011,1.5601037439999983,1.0422451679999996,1.061683664000001,0.3669960320000001
TYR 264,-0.1595736880000001,-0.7239227759999994,-0.5674939200000009,-0.5143861359999989,-0.7429850799999997,-0.4692665600000008,-0.6842161760000013,-0.7586118959999996,-0.354894904,-0.6822080399999993
GLY 265,-0.2159350319999999,-0.2979080719999999,-1.3974201359999996,-0.9929508879999994,-0.5153460960000007,-1.0438782160000009,-1.705063079999999,-0.2300765279999985,-0.3231406080000008,-0.4404809599999993
GLY 266,-0.4303532480000005,-0.7399694960000002,-0.3333324879999989,-0.2539784000000009,-1.1939482479999997,-0.7287858000000006,-0.4474549200000007,-0.6467934880000007,-0.1610551199999997,-0.6895755439999997
CYX 267,-1.4602280880000005,-0.6227839200000003,-2.054828072000001,-2.112876336,-2.377050608,-1.7068747599999998,-1.0803467839999992,-2.8822375760000005,-2.433971488000001,-2.860807304000001
LEU 268,-0.810914328000001,-0.2789404800000002,-1.831967584,-2.0846724479999987,-2.030289424,-1.841535128000001,0.0416609360000008,-1.582719632,-1.3088635999999985,-1.4617032160000007
GLY 269,0.1520399999999989,0.1335300000000003,0.1479421200000006,0.1555700000000005,0.0418846799999998,0.1539199999999995,0.0967604639999995,0.125951712,0.1625135359999998,0.1615043199999993
ASN 270,0.1443200000000013,0.1713599999999995,0.1302700000000008,0.1218400000000025,0.1653842720000004,0.1492400000000008,0.2644764560000006,0.1103699999999983,0.13575,0.1362431200000006
MET 271,0.0084000000000012,0.025399999999999,0.0110199999999993,0.0100499999999992,0.0225346719999987,0.0122200000000006,0.0165999999999993,-0.0356853120000002,0.0167199999999997,0.0186186800000002
ASN 272,0.0664800000000002,0.0890000000000017,0.05497,0.0508099999999983,0.0743700000000012,0.0593800000000003,0.0648000000000001,0.0851800000000001,0.0605799999999997,0.0769000000000011
ASN 273,0.1442399999999997,0.1582799999999987,0.1466599999999982,0.1460572160000011,0.179065599999999,0.1433274159999993,0.0967899999999997,0.1693820480000012,0.1549899999999995,0.2197696159999978
PHE 274,0.0195599999999995,0.0199399999999992,0.0222199999999998,0.0230200000000011,0.0490800000000005,0.0338499999999999,0.0248300000000008,0.0596286560000012,0.0203700000000013,0.0396000000000009
GLU 275,0.475500648,-1.464002688000001,0.6657818480000012,0.8035840800000008,0.8838131600000009,0.536351031999999,0.503274120000001,0.4697063999999994,0.625252223999997,0.4178961599999992
THR 276,0.0432078319999999,0.0589800000000006,0.0361008959999997,0.0380531760000001,0.0212948959999989,0.0412405119999996,0.0429299999999996,0.0431511840000004,0.0458855840000006,0.0266969199999994
LEU 277,-0.0054200000000004,-0.0186300000000003,-0.0057299999999999,-0.0082799999999999,-0.0118600000000007,-0.0053100000000005,-0.0055299999999999,-0.0154700000000002,-0.0187900000000006,-0.0136699999999986
GLU 278,-0.0215699999999995,0.0162699999999995,-0.0059599999999995,-0.0049899999999976,-0.0044500000000004,-0.0190399999999987,-0.0198199999999985,0.0101376000000012,0.0116600000000001,-0.0034700000000012
GLU 279,0.034329999999999,0.0946400000000007,0.0586500000000008,0.0833606560000004,0.0806100000000008,0.0505799999999987,0.0331799999999999,0.1216073519999991,0.1210700399999998,0.0891999999999997
CYX 280,0.0045300000000001,0.005220000000001,0.0038299999999987,0.0050099999999983,0.0073100000000008,0.0055299999999992,0.0052299999999997,0.0095799999999998,0.0054499999999995,0.0075199999999989
LYS 281,0.0517400000000011,0.0550299999999992,0.0465100000000005,0.0558500000000016,0.0608500000000023,0.0537900000000005,0.0466700000000006,0.0753400000000007,0.0616899999999998,0.0657000000000007
ASN 282,0.0092300000000011,0.0149400000000007,0.0124200000000011,0.0150599999999991,0.0176400000000002,0.0134199999999991,0.007739999999999,0.0240600000000006,0.0179399999999989,0.0212799999999992
ILE 283,-0.0010700000000007,-0.0024000000000013,-0.0016400000000002,-0.0020900000000002,-0.0024499999999985,-0.0016500000000005,-0.0005400000000005,-0.0024100000000011,-0.0026700000000009,-0.0024799999999999
CYX 284,-0.0328800000000006,-0.023209999999998,-0.0269600000000003,-0.0261299999999974,-0.0236999999999994,-0.0292000000000014,-0.0315900000000003,-0.0253099999999991,-0.0255700000000008,-0.0298499999999999
